Vehicle_ID,Margin,Time,X,Y,Z
H1,4.0,0.0,55.0,0.0,10.0
H1,4.0,0.2,54.28,2.17,9.28
H1,4.0,0.4,54.0,3.0,9.0
H1,4.0,0.6,54.0,5.4,9.0
H1,4.0,0.8,54.0,6.0,9.0
H1,4.0,1.0,54.0,8.4,9.0
H1,4.0,1.2,54.0,9.0,9.0
H1,4.0,1.4,54.0,11.4,9.0
H1,4.0,1.6,54.0,12.0,9.0
H1,4.0,1.8,54.0,14.4,9.0
H1,4.0,2.0,54.0,15.0,9.0
H1,4.0,2.2,54.0,17.4,9.0
H1,4.0,2.4,54.0,18.0,9.0
H1,4.0,2.6,54.0,20.4,9.0
H1,4.0,2.8,54.0,21.0,9.0
H1,4.0,3.0,54.0,23.4,9.0
H1,4.0,3.2,54.0,24.0,9.0
H1,4.0,3.4,54.0,26.4,9.0
H1,4.0,3.6,54.0,27.0,9.0
H1,4.0,3.8,54.0,29.4,9.0
H1,4.0,4.0,54.0,30.0,9.0
H1,4.0,4.2,54.0,32.4,9.0
H1,4.0,4.4,54.0,33.0,9.0
H1,4.0,4.6,54.0,35.4,9.0
H1,4.0,4.8,54.0,36.0,9.0
H1,4.0,5.0,55.41,37.03,8.86
H1,4.0,5.2,53.61,38.35,8.88
H1,4.0,5.4,52.08,37.98,8.9
H1,4.0,5.6,50.44,37.81,8.92
H1,4.0,5.8,48.82,37.86,8.92
H1,4.0,6.0,47.1,38.15,8.94
H1,4.0,6.2,45.4,38.7,8.95
H1,4.0,6.4,43.8,39.5,8.96
H1,4.0,6.6,42.35,40.5,8.98
H1,4.0,6.8,41.13,41.63,8.98
H1,4.0,7.0,40.17,42.77,8.99
H1,4.0,7.2,39.5,43.79,8.99
H1,4.0,7.4,39.08,44.56,9.0
H1,4.0,7.6,38.84,45.07,9.0
H1,4.0,7.8,38.71,45.37,9.0
H1,4.0,8.0,38.64,45.55,9.0
H1,4.0,8.2,38.6,45.66,9.0
H1,4.0,8.4,38.58,45.72,9.0
H1,4.0,8.6,38.56,45.75,9.0
H1,4.0,8.8,36.76,47.33,9.0
H1,4.0,9.0,36.0,48.0,9.0
H1,4.0,9.2,36.0,50.4,9.0
H1,4.0,9.4,36.0,51.0,9.0
H1,4.0,9.6,36.0,53.4,9.0
H1,4.0,9.8,36.0,54.0,9.0
H1,4.0,10.0,36.0,56.4,9.0
H1,4.0,10.2,36.0,57.0,9.0
H1,4.0,10.4,36.0,59.4,9.0
H1,4.0,10.6,36.04,59.61,9.0
H1,4.0,10.8,38.44,59.58,9.0
H1,4.0,11.0,40.84,59.55,9.0
H1,4.0,11.2,42.93,59.95,9.0
H1,4.0,11.4,44.75,61.01,9.0
H1,4.0,11.6,46.74,61.76,9.0
H1,4.0,11.8,48.8,62.14,9.0
H1,4.0,12.0,50.72,62.18,9.0
H1,4.0,12.2,52.07,62.02,9.0
H1,4.0,12.4,52.49,61.94,9.0
H1,4.0,12.6,52.41,61.96,9.0
H1,4.0,12.8,52.37,61.97,9.0
H1,4.0,13.0,51.56,64.24,9.0
H1,4.0,13.2,49.68,62.76,9.0
H1,4.0,13.4,47.66,61.97,9.0
H1,4.0,13.6,45.66,61.4,9.0
H1,4.0,13.8,45.25,61.24,9.0
H1,4.0,14.0,45.25,61.24,9.0
H1,4.0,14.2,45.0,63.0,9.0
H1,4.0,14.4,45.0,65.4,9.0
H1,4.0,14.6,45.0,66.0,9.0
H1,4.0,14.8,45.0,68.4,9.0
H1,4.0,15.0,45.0,69.0,9.0
H1,4.0,15.2,45.0,71.4,9.0
H1,4.0,15.4,45.0,72.0,9.0
H1,4.0,15.6,45.0,74.4,9.0
H1,4.0,15.8,45.0,75.0,9.0
H1,4.0,16.0,46.7,76.7,9.0
H1,4.0,16.2,48.0,78.0,9.0
H1,4.0,16.4,49.7,79.7,9.0
H1,4.0,16.6,51.0,81.0,9.0
H1,4.0,16.8,52.7,82.7,9.0
H1,4.0,17.0,54.0,84.0,9.0
H1,4.0,17.2,55.7,85.7,9.0
H1,4.0,17.4,57.0,87.0,9.0
H1,4.0,17.6,57.0,89.4,9.0
H1,4.0,17.8,57.0,90.0,9.0
H1,4.0,18.0,57.0,92.4,9.0
H1,4.0,18.2,57.0,93.0,9.0
H1,4.0,18.4,57.0,95.4,9.0
H1,4.0,18.6,57.0,96.0,9.0
H1,4.0,18.8,55.95,98.09,9.52
H1,4.0,19.0,55.0,100.0,10.0
H1,4.0,19.2,55.0,100.0,10.0
H1,4.0,19.4,55.0,100.0,10.0
H1,4.0,19.6,55.0,100.0,10.0
H1,4.0,19.8,55.0,100.0,10.0
H1,4.0,20.0,55.0,100.0,10.0
H1,4.0,20.2,55.0,100.0,10.0
H1,4.0,20.4,55.0,100.0,10.0
H1,4.0,20.6,55.0,100.0,10.0
H1,4.0,20.8,55.0,100.0,10.0
H1,4.0,21.0,55.0,100.0,10.0
H1,4.0,21.2,55.0,100.0,10.0
H1,4.0,21.4,55.0,100.0,10.0
H1,4.0,21.6,55.0,100.0,10.0
H1,4.0,21.8,55.0,100.0,10.0
H1,4.0,22.0,55.0,100.0,10.0
H1,4.0,22.2,55.0,100.0,10.0
H1,4.0,22.4,55.0,100.0,10.0
H1,4.0,22.6,55.0,100.0,10.0
H1,4.0,22.8,55.0,100.0,10.0
H1,4.0,23.0,55.0,100.0,10.0
H1,4.0,23.2,55.0,100.0,10.0
H1,4.0,23.4,55.0,100.0,10.0
H1,4.0,23.6,55.0,100.0,10.0
H1,4.0,23.8,55.0,100.0,10.0
H1,4.0,24.0,55.0,100.0,10.0
H1,4.0,24.2,55.0,100.0,10.0
H1,4.0,24.4,55.0,100.0,10.0
H1,4.0,24.6,55.0,100.0,10.0
H1,4.0,24.8,55.0,100.0,10.0
H1,4.0,25.0,55.0,100.0,10.0
H1,4.0,25.2,55.0,100.0,10.0
H1,4.0,25.4,55.0,100.0,10.0
H1,4.0,25.6,55.0,100.0,10.0
H1,4.0,25.8,55.0,100.0,10.0
H1,4.0,26.0,55.0,100.0,10.0
H1,4.0,26.2,55.0,100.0,10.0
H1,4.0,26.4,55.0,100.0,10.0
H1,4.0,26.6,55.0,100.0,10.0
H1,4.0,26.8,55.0,100.0,10.0
H1,4.0,27.0,55.0,100.0,10.0
H1,4.0,27.2,55.0,100.0,10.0
H1,4.0,27.4,55.0,100.0,10.0
H1,4.0,27.6,55.0,100.0,10.0
H1,4.0,27.8,55.0,100.0,10.0
H1,4.0,28.0,55.0,100.0,10.0
H1,4.0,28.2,55.0,100.0,10.0
H1,4.0,28.4,55.0,100.0,10.0
H1,4.0,28.6,55.0,100.0,10.0
H1,4.0,28.8,55.0,100.0,10.0
H1,4.0,29.0,55.0,100.0,10.0
H1,4.0,29.2,55.0,100.0,10.0
H1,4.0,29.4,55.0,100.0,10.0
H1,4.0,29.6,55.0,100.0,10.0
H1,4.0,29.8,55.0,100.0,10.0
H1,4.0,30.0,55.0,100.0,10.0
H1,4.0,30.2,55.0,100.0,10.0
H1,4.0,30.4,55.0,100.0,10.0
H1,4.0,30.6,55.0,100.0,10.0
H1,4.0,30.8,55.0,100.0,10.0
H1,4.0,31.0,55.0,100.0,10.0
H1,4.0,31.2,55.0,100.0,10.0
H1,4.0,31.4,55.0,100.0,10.0
H1,4.0,31.6,55.0,100.0,10.0
H1,4.0,31.8,55.0,100.0,10.0
H1,4.0,32.0,55.0,100.0,10.0
H1,4.0,32.2,55.0,100.0,10.0
H1,4.0,32.4,55.0,100.0,10.0
H1,4.0,32.6,55.0,100.0,10.0
H1,4.0,32.8,55.0,100.0,10.0
H1,4.0,33.0,55.0,100.0,10.0
H1,4.0,33.2,55.0,100.0,10.0
H1,4.0,33.4,55.0,100.0,10.0
H1,4.0,33.6,55.0,100.0,10.0
H1,4.0,33.8,55.0,100.0,10.0
H1,4.0,34.0,55.0,100.0,10.0
H1,4.0,34.2,55.0,100.0,10.0
H1,4.0,34.4,55.0,100.0,10.0
H1,4.0,34.6,55.0,100.0,10.0
H1,4.0,34.8,55.0,100.0,10.0
H1,4.0,35.0,55.0,100.0,10.0
H1,4.0,35.2,55.0,100.0,10.0
H1,4.0,35.4,55.0,100.0,10.0
H1,4.0,35.6,55.0,100.0,10.0
H1,4.0,35.8,55.0,100.0,10.0
H1,4.0,36.0,55.0,100.0,10.0
H1,4.0,36.2,55.0,100.0,10.0
H1,4.0,36.4,55.0,100.0,10.0
H1,4.0,36.6,55.0,100.0,10.0
H1,4.0,36.8,55.0,100.0,10.0
H1,4.0,37.0,55.0,100.0,10.0
H1,4.0,37.2,55.0,100.0,10.0
H1,4.0,37.4,55.0,100.0,10.0
H1,4.0,37.6,55.0,100.0,10.0
H1,4.0,37.8,55.0,100.0,10.0
H1,4.0,38.0,55.0,100.0,10.0
H1,4.0,38.2,55.0,100.0,10.0
H1,4.0,38.4,55.0,100.0,10.0
H1,4.0,38.6,55.0,100.0,10.0
H1,4.0,38.8,55.0,100.0,10.0
H1,4.0,39.0,55.0,100.0,10.0
H1,4.0,39.2,55.0,100.0,10.0
H1,4.0,39.4,55.0,100.0,10.0
H1,4.0,39.6,55.0,100.0,10.0
H1,4.0,39.8,55.0,100.0,10.0
H1,4.0,40.0,55.0,100.0,10.0
H1,4.0,40.2,55.0,100.0,10.0
H1,4.0,40.4,55.0,100.0,10.0
H1,4.0,40.6,55.0,100.0,10.0
H1,4.0,40.8,55.0,100.0,10.0
H1,4.0,41.0,55.0,100.0,10.0
H1,4.0,41.2,55.0,100.0,10.0
H1,4.0,41.4,55.0,100.0,10.0
H1,4.0,41.6,55.0,100.0,10.0
H1,4.0,41.8,55.0,100.0,10.0
H1,4.0,42.0,55.0,100.0,10.0
H1,4.0,42.2,55.0,100.0,10.0
H1,4.0,42.4,55.0,100.0,10.0
H1,4.0,42.6,55.0,100.0,10.0
H1,4.0,42.8,55.0,100.0,10.0
H1,4.0,43.0,55.0,100.0,10.0
H1,4.0,43.2,55.0,100.0,10.0
H1,4.0,43.4,55.0,100.0,10.0
H1,4.0,43.6,55.0,100.0,10.0
H1,4.0,43.8,55.0,100.0,10.0
H1,4.0,44.0,55.0,100.0,10.0
H1,4.0,44.2,55.0,100.0,10.0
H1,4.0,44.4,55.0,100.0,10.0
H1,4.0,44.6,55.0,100.0,10.0
H1,4.0,44.8,55.0,100.0,10.0
H1,4.0,45.0,55.0,100.0,10.0
H1,4.0,45.2,55.0,100.0,10.0
H1,4.0,45.4,55.0,100.0,10.0
H1,4.0,45.6,55.0,100.0,10.0
H1,4.0,45.8,55.0,100.0,10.0
H1,4.0,46.0,55.0,100.0,10.0
H1,4.0,46.2,55.0,100.0,10.0
H1,4.0,46.4,55.0,100.0,10.0
H1,4.0,46.6,55.0,100.0,10.0
H1,4.0,46.8,55.0,100.0,10.0
H1,4.0,47.0,55.0,100.0,10.0
H1,4.0,47.2,55.0,100.0,10.0
H1,4.0,47.4,55.0,100.0,10.0
H1,4.0,47.6,55.0,100.0,10.0
H1,4.0,47.8,55.0,100.0,10.0
H1,4.0,48.0,55.0,100.0,10.0
H1,4.0,48.2,55.0,100.0,10.0
H1,4.0,48.4,55.0,100.0,10.0
H1,4.0,48.6,55.0,100.0,10.0
H1,4.0,48.8,55.0,100.0,10.0
H1,4.0,49.0,55.0,100.0,10.0
H1,4.0,49.2,55.0,100.0,10.0
H1,4.0,49.4,55.0,100.0,10.0
H1,4.0,49.6,55.0,100.0,10.0
H1,4.0,49.8,55.0,100.0,10.0
H1,4.0,50.0,55.0,100.0,10.0
H1,4.0,50.2,55.0,100.0,10.0
H1,4.0,50.4,55.0,100.0,10.0
H1,4.0,50.6,55.0,100.0,10.0
H1,4.0,50.8,55.0,100.0,10.0
H1,4.0,51.0,55.0,100.0,10.0
H1,4.0,51.2,55.0,100.0,10.0
H1,4.0,51.4,55.0,100.0,10.0
H1,4.0,51.6,55.0,100.0,10.0
H1,4.0,51.8,55.0,100.0,10.0
H1,4.0,52.0,55.0,100.0,10.0
H1,4.0,52.2,55.0,100.0,10.0
H1,4.0,52.4,55.0,100.0,10.0
H1,4.0,52.6,55.0,100.0,10.0
H1,4.0,52.8,55.0,100.0,10.0
H1,4.0,53.0,55.0,100.0,10.0
H1,4.0,53.2,55.0,100.0,10.0
H1,4.0,53.4,55.0,100.0,10.0
H1,4.0,53.6,55.0,100.0,10.0
H1,4.0,53.8,55.0,100.0,10.0
H1,4.0,54.0,55.0,100.0,10.0
H1,4.0,54.2,55.0,100.0,10.0
H1,4.0,54.4,55.0,100.0,10.0
H1,4.0,54.6,55.0,100.0,10.0
H1,4.0,54.8,55.0,100.0,10.0
H1,4.0,55.0,55.0,100.0,10.0
H1,4.0,55.2,55.0,100.0,10.0
H1,4.0,55.4,55.0,100.0,10.0
H1,4.0,55.6,55.0,100.0,10.0
H1,4.0,55.8,55.0,100.0,10.0
H1,4.0,56.0,55.0,100.0,10.0
H1,4.0,56.2,55.0,100.0,10.0
H1,4.0,56.4,55.0,100.0,10.0
H1,4.0,56.6,55.0,100.0,10.0
H1,4.0,56.8,55.0,100.0,10.0
H1,4.0,57.0,55.0,100.0,10.0
H1,4.0,57.2,55.0,100.0,10.0
H1,4.0,57.4,55.0,100.0,10.0
H1,4.0,57.6,55.0,100.0,10.0
H1,4.0,57.8,55.0,100.0,10.0
H1,4.0,58.0,55.0,100.0,10.0
H1,4.0,58.2,55.0,100.0,10.0
H1,4.0,58.4,55.0,100.0,10.0
H1,4.0,58.6,55.0,100.0,10.0
H1,4.0,58.8,55.0,100.0,10.0
H1,4.0,59.0,55.0,100.0,10.0
H1,4.0,59.2,55.0,100.0,10.0
H1,4.0,59.4,55.0,100.0,10.0
H1,4.0,59.6,55.0,100.0,10.0
H1,4.0,59.8,55.0,100.0,10.0
H1,4.0,60.0,55.0,100.0,10.0
H1,4.0,60.2,55.0,100.0,10.0
H1,4.0,60.4,55.0,100.0,10.0
H1,4.0,60.6,55.0,100.0,10.0
H1,4.0,60.8,55.0,100.0,10.0
H1,4.0,61.0,55.0,100.0,10.0
H1,4.0,61.2,55.0,100.0,10.0
H1,4.0,61.4,55.0,100.0,10.0
H1,4.0,61.6,55.0,100.0,10.0
H1,4.0,61.8,55.0,100.0,10.0
H1,4.0,62.0,55.0,100.0,10.0
H1,4.0,62.2,55.0,100.0,10.0
H1,4.0,62.4,55.0,100.0,10.0
H1,4.0,62.6,55.0,100.0,10.0
H1,4.0,62.8,55.0,100.0,10.0
H1,4.0,63.0,55.0,100.0,10.0
H1,4.0,63.2,55.0,100.0,10.0
H1,4.0,63.4,55.0,100.0,10.0
H1,4.0,63.6,55.0,100.0,10.0
H1,4.0,63.8,55.0,100.0,10.0
H1,4.0,64.0,55.0,100.0,10.0
H1,4.0,64.2,55.0,100.0,10.0
H1,4.0,64.4,55.0,100.0,10.0
H1,4.0,64.6,55.0,100.0,10.0
H1,4.0,64.8,55.0,100.0,10.0
H1,4.0,65.0,55.0,100.0,10.0
H1,4.0,65.2,55.0,100.0,10.0
H1,4.0,65.4,55.0,100.0,10.0
H1,4.0,65.6,55.0,100.0,10.0
H1,4.0,65.8,55.0,100.0,10.0
H1,4.0,66.0,55.0,100.0,10.0
H1,4.0,66.2,55.0,100.0,10.0
H1,4.0,66.4,55.0,100.0,10.0
H1,4.0,66.6,55.0,100.0,10.0
H1,4.0,66.8,55.0,100.0,10.0
H1,4.0,67.0,55.0,100.0,10.0
H1,4.0,67.2,55.0,100.0,10.0
H1,4.0,67.4,55.0,100.0,10.0
H1,4.0,67.6,55.0,100.0,10.0
H1,4.0,67.8,55.0,100.0,10.0
H1,4.0,68.0,55.0,100.0,10.0
H1,4.0,68.2,55.0,100.0,10.0
H1,4.0,68.4,55.0,100.0,10.0
H1,4.0,68.6,55.0,100.0,10.0
H1,4.0,68.8,55.0,100.0,10.0
H1,4.0,69.0,55.0,100.0,10.0
H1,4.0,69.2,55.0,100.0,10.0
H1,4.0,69.4,55.0,100.0,10.0
H1,4.0,69.6,55.0,100.0,10.0
H1,4.0,69.8,55.0,100.0,10.0
H1,4.0,70.0,55.0,100.0,10.0
H1,4.0,70.2,55.0,100.0,10.0
H1,4.0,70.4,55.0,100.0,10.0
H1,4.0,70.6,55.0,100.0,10.0
H1,4.0,70.8,55.0,100.0,10.0
H1,4.0,71.0,55.0,100.0,10.0
H1,4.0,71.2,55.0,100.0,10.0
H1,4.0,71.4,55.0,100.0,10.0
H1,4.0,71.6,55.0,100.0,10.0
H1,4.0,71.8,55.0,100.0,10.0
H1,4.0,72.0,55.0,100.0,10.0
H1,4.0,72.2,55.0,100.0,10.0
H1,4.0,72.4,55.0,100.0,10.0
H1,4.0,72.6,55.0,100.0,10.0
H1,4.0,72.8,55.0,100.0,10.0
H1,4.0,73.0,55.0,100.0,10.0
H1,4.0,73.2,55.0,100.0,10.0
H1,4.0,73.4,55.0,100.0,10.0
H1,4.0,73.6,55.0,100.0,10.0
H1,4.0,73.8,55.0,100.0,10.0
H1,4.0,74.0,55.0,100.0,10.0
H1,4.0,74.2,55.0,100.0,10.0
H1,4.0,74.4,55.0,100.0,10.0
H1,4.0,74.6,55.0,100.0,10.0
H1,4.0,74.8,55.0,100.0,10.0
H1,4.0,75.0,55.0,100.0,10.0
H1,4.0,75.2,55.0,100.0,10.0
H1,4.0,75.4,55.0,100.0,10.0
H1,4.0,75.6,55.0,100.0,10.0
H1,4.0,75.8,55.0,100.0,10.0
H1,4.0,76.0,55.0,100.0,10.0
H1,4.0,76.2,55.0,100.0,10.0
H1,4.0,76.4,55.0,100.0,10.0
H1,4.0,76.6,55.0,100.0,10.0
H1,4.0,76.8,55.0,100.0,10.0
H1,4.0,77.0,55.0,100.0,10.0
H1,4.0,77.2,55.0,100.0,10.0
H1,4.0,77.4,55.0,100.0,10.0
H1,4.0,77.6,55.0,100.0,10.0
H1,4.0,77.8,55.0,100.0,10.0
H1,4.0,78.0,55.0,100.0,10.0
H1,4.0,78.2,55.0,100.0,10.0
H1,4.0,78.4,55.0,100.0,10.0
H1,4.0,78.6,55.0,100.0,10.0
H1,4.0,78.8,55.0,100.0,10.0
H1,4.0,79.0,55.0,100.0,10.0
H1,4.0,79.2,55.0,100.0,10.0
H1,4.0,79.4,55.0,100.0,10.0
H1,4.0,79.6,55.0,100.0,10.0
H1,4.0,79.8,55.0,100.0,10.0
H1,4.0,80.0,55.0,100.0,10.0
H1,4.0,80.2,55.0,100.0,10.0
H1,4.0,80.4,55.0,100.0,10.0
H1,4.0,80.6,55.0,100.0,10.0
H1,4.0,80.8,55.0,100.0,10.0
H1,4.0,81.0,55.0,100.0,10.0
H1,4.0,81.2,55.0,100.0,10.0
H1,4.0,81.4,55.0,100.0,10.0
H1,4.0,81.6,55.0,100.0,10.0
H1,4.0,81.8,55.0,100.0,10.0
H1,4.0,82.0,55.0,100.0,10.0
H1,4.0,82.2,55.0,100.0,10.0
H1,4.0,82.4,55.0,100.0,10.0
H1,4.0,82.6,55.0,100.0,10.0
H1,4.0,82.8,55.0,100.0,10.0
H1,4.0,83.0,55.0,100.0,10.0
H1,4.0,83.2,55.0,100.0,10.0
H1,4.0,83.4,55.0,100.0,10.0
H1,4.0,83.6,55.0,100.0,10.0
H1,4.0,83.8,55.0,100.0,10.0
H1,4.0,84.0,55.0,100.0,10.0
H1,4.0,84.2,55.0,100.0,10.0
H1,4.0,84.4,55.0,100.0,10.0
H1,4.0,84.6,55.0,100.0,10.0
H1,4.0,84.8,55.0,100.0,10.0
H1,4.0,85.0,55.0,100.0,10.0
H1,4.0,85.2,55.0,100.0,10.0
H1,4.0,85.4,55.0,100.0,10.0
H1,4.0,85.6,55.0,100.0,10.0
H1,4.0,85.8,55.0,100.0,10.0
H1,4.0,86.0,55.0,100.0,10.0
H1,4.0,86.2,55.0,100.0,10.0
H1,4.0,86.4,55.0,100.0,10.0
H1,4.0,86.6,55.0,100.0,10.0
H1,4.0,86.8,55.0,100.0,10.0
H1,4.0,87.0,55.0,100.0,10.0
H1,4.0,87.2,55.0,100.0,10.0
H1,4.0,87.4,55.0,100.0,10.0
H1,4.0,87.6,55.0,100.0,10.0
H1,4.0,87.8,55.0,100.0,10.0
H1,4.0,88.0,55.0,100.0,10.0
H1,4.0,88.2,55.0,100.0,10.0
H1,4.0,88.4,55.0,100.0,10.0
H1,4.0,88.6,55.0,100.0,10.0
H1,4.0,88.8,55.0,100.0,10.0
H1,4.0,89.0,55.0,100.0,10.0
H1,4.0,89.2,55.0,100.0,10.0
H1,4.0,89.4,55.0,100.0,10.0
H1,4.0,89.6,55.0,100.0,10.0
H1,4.0,89.8,55.0,100.0,10.0
H1,4.0,90.0,55.0,100.0,10.0
H1,4.0,90.2,55.0,100.0,10.0
H1,4.0,90.4,55.0,100.0,10.0
H1,4.0,90.6,55.0,100.0,10.0
H1,4.0,90.8,55.0,100.0,10.0
H1,4.0,91.0,55.0,100.0,10.0
H1,4.0,91.2,55.0,100.0,10.0
H1,4.0,91.4,55.0,100.0,10.0
H1,4.0,91.6,55.0,100.0,10.0
H1,4.0,91.8,55.0,100.0,10.0
H1,4.0,92.0,55.0,100.0,10.0
H1,4.0,92.2,55.0,100.0,10.0
H1,4.0,92.4,55.0,100.0,10.0
H1,4.0,92.6,55.0,100.0,10.0
H1,4.0,92.8,55.0,100.0,10.0
H1,4.0,93.0,55.0,100.0,10.0
H1,4.0,93.2,55.0,100.0,10.0
H1,4.0,93.4,55.0,100.0,10.0
H1,4.0,93.6,55.0,100.0,10.0
H1,4.0,93.8,55.0,100.0,10.0
H1,4.0,94.0,55.0,100.0,10.0
H1,4.0,94.2,55.0,100.0,10.0
H1,4.0,94.4,55.0,100.0,10.0
H1,4.0,94.6,55.0,100.0,10.0
H1,4.0,94.8,55.0,100.0,10.0
H1,4.0,95.0,55.0,100.0,10.0
H1,4.0,95.2,55.0,100.0,10.0
H1,4.0,95.4,55.0,100.0,10.0
H1,4.0,95.6,55.0,100.0,10.0
H1,4.0,95.8,55.0,100.0,10.0
H1,4.0,96.0,55.0,100.0,10.0
H1,4.0,96.2,55.0,100.0,10.0
H1,4.0,96.4,55.0,100.0,10.0
H1,4.0,96.6,55.0,100.0,10.0
H1,4.0,96.8,55.0,100.0,10.0
H1,4.0,97.0,55.0,100.0,10.0
H1,4.0,97.2,55.0,100.0,10.0
H1,4.0,97.4,55.0,100.0,10.0
H1,4.0,97.6,55.0,100.0,10.0
H1,4.0,97.8,55.0,100.0,10.0
H1,4.0,98.0,55.0,100.0,10.0
H1,4.0,98.2,55.0,100.0,10.0
H1,4.0,98.4,55.0,100.0,10.0
H1,4.0,98.6,55.0,100.0,10.0
H1,4.0,98.8,55.0,100.0,10.0
H1,4.0,99.0,55.0,100.0,10.0
H1,4.0,99.2,55.0,100.0,10.0
H1,4.0,99.4,55.0,100.0,10.0
H1,4.0,99.6,55.0,100.0,10.0
H1,4.0,99.8,55.0,100.0,10.0
H1,4.0,100.0,55.0,100.0,10.0
H1,4.0,100.2,55.0,100.0,10.0
H1,4.0,100.4,55.0,100.0,10.0
H1,4.0,100.6,55.0,100.0,10.0
H1,4.0,100.8,55.0,100.0,10.0
H1,4.0,101.0,55.0,100.0,10.0
H1,4.0,101.2,55.0,100.0,10.0
H1,4.0,101.4,55.0,100.0,10.0
H1,4.0,101.6,55.0,100.0,10.0
H1,4.0,101.8,55.0,100.0,10.0
H1,4.0,102.0,55.0,100.0,10.0
H1,4.0,102.2,55.0,100.0,10.0
H1,4.0,102.4,55.0,100.0,10.0
H1,4.0,102.6,55.0,100.0,10.0
H1,4.0,102.8,55.0,100.0,10.0
H1,4.0,103.0,55.0,100.0,10.0
H1,4.0,103.2,55.0,100.0,10.0
H1,4.0,103.4,55.0,100.0,10.0
H1,4.0,103.6,55.0,100.0,10.0
H1,4.0,103.8,55.0,100.0,10.0
H1,4.0,104.0,55.0,100.0,10.0
H1,4.0,104.2,55.0,100.0,10.0
H1,4.0,104.4,55.0,100.0,10.0
H1,4.0,104.6,55.0,100.0,10.0
H1,4.0,104.8,55.0,100.0,10.0
H1,4.0,105.0,55.0,100.0,10.0
H1,4.0,105.2,55.0,100.0,10.0
H1,4.0,105.4,55.0,100.0,10.0
H1,4.0,105.6,55.0,100.0,10.0
H1,4.0,105.8,55.0,100.0,10.0
H1,4.0,106.0,55.0,100.0,10.0
H1,4.0,106.2,55.0,100.0,10.0
H1,4.0,106.4,55.0,100.0,10.0
H1,4.0,106.6,55.0,100.0,10.0
H1,4.0,106.8,55.0,100.0,10.0
H1,4.0,107.0,55.0,100.0,10.0
H1,4.0,107.2,55.0,100.0,10.0
H1,4.0,107.4,55.0,100.0,10.0
H1,4.0,107.6,55.0,100.0,10.0
H1,4.0,107.8,55.0,100.0,10.0
H1,4.0,108.0,55.0,100.0,10.0
H1,4.0,108.2,55.0,100.0,10.0
H1,4.0,108.4,55.0,100.0,10.0
H1,4.0,108.6,55.0,100.0,10.0
H1,4.0,108.8,55.0,100.0,10.0
H1,4.0,109.0,55.0,100.0,10.0
H1,4.0,109.2,55.0,100.0,10.0
H1,4.0,109.4,55.0,100.0,10.0
H1,4.0,109.6,55.0,100.0,10.0
H1,4.0,109.8,55.0,100.0,10.0
H1,4.0,110.0,55.0,100.0,10.0
H1,4.0,110.2,55.0,100.0,10.0
H1,4.0,110.4,55.0,100.0,10.0
H1,4.0,110.6,55.0,100.0,10.0
H1,4.0,110.8,55.0,100.0,10.0
H1,4.0,111.0,55.0,100.0,10.0
H1,4.0,111.2,55.0,100.0,10.0
H1,4.0,111.4,55.0,100.0,10.0
H1,4.0,111.6,55.0,100.0,10.0
H1,4.0,111.8,55.0,100.0,10.0
H1,4.0,112.0,55.0,100.0,10.0
H1,4.0,112.2,55.0,100.0,10.0
H1,4.0,112.4,55.0,100.0,10.0
H1,4.0,112.6,55.0,100.0,10.0
H1,4.0,112.8,55.0,100.0,10.0
H1,4.0,113.0,55.0,100.0,10.0
H1,4.0,113.2,55.0,100.0,10.0
H1,4.0,113.4,55.0,100.0,10.0
H1,4.0,113.6,55.0,100.0,10.0
H1,4.0,113.8,55.0,100.0,10.0
H1,4.0,114.0,55.0,100.0,10.0
H1,4.0,114.2,55.0,100.0,10.0
H1,4.0,114.4,55.0,100.0,10.0
H1,4.0,114.6,55.0,100.0,10.0
H1,4.0,114.8,55.0,100.0,10.0
H1,4.0,115.0,55.0,100.0,10.0
H1,4.0,115.2,55.0,100.0,10.0
H1,4.0,115.4,55.0,100.0,10.0
H1,4.0,115.6,55.0,100.0,10.0
H1,4.0,115.8,55.0,100.0,10.0
H1,4.0,116.0,55.0,100.0,10.0
H1,4.0,116.2,55.0,100.0,10.0
H1,4.0,116.4,55.0,100.0,10.0
H1,4.0,116.6,55.0,100.0,10.0
H1,4.0,116.8,55.0,100.0,10.0
H1,4.0,117.0,55.0,100.0,10.0
H1,4.0,117.2,55.0,100.0,10.0
H1,4.0,117.4,55.0,100.0,10.0
H1,4.0,117.6,55.0,100.0,10.0
H1,4.0,117.8,55.0,100.0,10.0
H1,4.0,118.0,55.0,100.0,10.0
H1,4.0,118.2,55.0,100.0,10.0
H1,4.0,118.4,55.0,100.0,10.0
H1,4.0,118.6,55.0,100.0,10.0
H1,4.0,118.8,55.0,100.0,10.0
H1,4.0,119.0,55.0,100.0,10.0
H1,4.0,119.2,55.0,100.0,10.0
H1,4.0,119.4,55.0,100.0,10.0
H1,4.0,119.6,55.0,100.0,10.0
H1,4.0,119.8,55.0,100.0,10.0
H1,4.0,120.0,55.0,100.0,10.0
H1,4.0,120.2,55.0,100.0,10.0
H1,4.0,120.4,55.0,100.0,10.0
H1,4.0,120.6,55.0,100.0,10.0
H1,4.0,120.8,55.0,100.0,10.0
H1,4.0,121.0,55.0,100.0,10.0
H1,4.0,121.2,55.0,100.0,10.0
H1,4.0,121.4,55.0,100.0,10.0
H1,4.0,121.6,55.0,100.0,10.0
H1,4.0,121.8,55.0,100.0,10.0
H1,4.0,122.0,55.0,100.0,10.0
H1,4.0,122.2,55.0,100.0,10.0
H1,4.0,122.4,55.0,100.0,10.0
H1,4.0,122.6,55.0,100.0,10.0
H1,4.0,122.8,55.0,100.0,10.0
H1,4.0,123.0,55.0,100.0,10.0
H1,4.0,123.2,55.0,100.0,10.0
H1,4.0,123.4,55.0,100.0,10.0
H1,4.0,123.6,55.0,100.0,10.0
H1,4.0,123.8,55.0,100.0,10.0
H1,4.0,124.0,55.0,100.0,10.0
H1,4.0,124.2,55.0,100.0,10.0
H1,4.0,124.4,55.0,100.0,10.0
H1,4.0,124.6,55.0,100.0,10.0
H1,4.0,124.8,55.0,100.0,10.0
H1,4.0,125.0,55.0,100.0,10.0
H1,4.0,125.2,55.0,100.0,10.0
H1,4.0,125.4,55.0,100.0,10.0
H1,4.0,125.6,55.0,100.0,10.0
H1,4.0,125.8,55.0,100.0,10.0
H1,4.0,126.0,55.0,100.0,10.0
H1,4.0,126.2,55.0,100.0,10.0
H1,4.0,126.4,55.0,100.0,10.0
H1,4.0,126.6,55.0,100.0,10.0
H1,4.0,126.8,55.0,100.0,10.0
H1,4.0,127.0,55.0,100.0,10.0
H1,4.0,127.2,55.0,100.0,10.0
H1,4.0,127.4,55.0,100.0,10.0
H1,4.0,127.6,55.0,100.0,10.0
H1,4.0,127.8,55.0,100.0,10.0
H1,4.0,128.0,55.0,100.0,10.0
H1,4.0,128.2,55.0,100.0,10.0
H1,4.0,128.4,55.0,100.0,10.0
H1,4.0,128.6,55.0,100.0,10.0
H1,4.0,128.8,55.0,100.0,10.0
H1,4.0,129.0,55.0,100.0,10.0
H1,4.0,129.2,55.0,100.0,10.0
H1,4.0,129.4,55.0,100.0,10.0
H1,4.0,129.6,55.0,100.0,10.0
H1,4.0,129.8,55.0,100.0,10.0
H1,4.0,130.0,55.0,100.0,10.0
H1,4.0,130.2,55.0,100.0,10.0
H1,4.0,130.4,55.0,100.0,10.0
H1,4.0,130.6,55.0,100.0,10.0
H1,4.0,130.8,55.0,100.0,10.0
H1,4.0,131.0,55.0,100.0,10.0
H1,4.0,131.2,55.0,100.0,10.0
H1,4.0,131.4,55.0,100.0,10.0
H1,4.0,131.6,55.0,100.0,10.0
H1,4.0,131.8,55.0,100.0,10.0
H1,4.0,132.0,55.0,100.0,10.0
H1,4.0,132.2,55.0,100.0,10.0
H1,4.0,132.4,55.0,100.0,10.0
H1,4.0,132.6,55.0,100.0,10.0
H1,4.0,132.8,55.0,100.0,10.0
H1,4.0,133.0,55.0,100.0,10.0
H1,4.0,133.2,55.0,100.0,10.0
H1,4.0,133.4,55.0,100.0,10.0
H1,4.0,133.6,55.0,100.0,10.0
H1,4.0,133.8,55.0,100.0,10.0
H1,4.0,134.0,55.0,100.0,10.0
H1,4.0,134.2,55.0,100.0,10.0
H1,4.0,134.4,55.0,100.0,10.0
H1,4.0,134.6,55.0,100.0,10.0
H1,4.0,134.8,55.0,100.0,10.0
H1,4.0,135.0,55.0,100.0,10.0
H1,4.0,135.2,55.0,100.0,10.0
H1,4.0,135.4,55.0,100.0,10.0
H1,4.0,135.6,55.0,100.0,10.0
H1,4.0,135.8,55.0,100.0,10.0
H1,4.0,136.0,55.0,100.0,10.0
H1,4.0,136.2,55.0,100.0,10.0
H1,4.0,136.4,55.0,100.0,10.0
H1,4.0,136.6,55.0,100.0,10.0
H1,4.0,136.8,55.0,100.0,10.0
H1,4.0,137.0,55.0,100.0,10.0
H1,4.0,137.2,55.0,100.0,10.0
H1,4.0,137.4,55.0,100.0,10.0
H1,4.0,137.6,55.0,100.0,10.0
H1,4.0,137.8,55.0,100.0,10.0
H1,4.0,138.0,55.0,100.0,10.0
H1,4.0,138.2,55.0,100.0,10.0
H1,4.0,138.4,55.0,100.0,10.0
H1,4.0,138.6,55.0,100.0,10.0
H1,4.0,138.8,55.0,100.0,10.0
H1,4.0,139.0,55.0,100.0,10.0
H1,4.0,139.2,55.0,100.0,10.0
H1,4.0,139.4,55.0,100.0,10.0
H1,4.0,139.6,55.0,100.0,10.0
H1,4.0,139.8,55.0,100.0,10.0
H1,4.0,140.0,55.0,100.0,10.0
H1,4.0,140.2,55.0,100.0,10.0
H1,4.0,140.4,55.0,100.0,10.0
H1,4.0,140.6,55.0,100.0,10.0
H1,4.0,140.8,55.0,100.0,10.0
H1,4.0,141.0,55.0,100.0,10.0
H1,4.0,141.2,55.0,100.0,10.0
H1,4.0,141.4,55.0,100.0,10.0
H1,4.0,141.6,55.0,100.0,10.0
H1,4.0,141.8,55.0,100.0,10.0
H1,4.0,142.0,55.0,100.0,10.0
H1,4.0,142.2,55.0,100.0,10.0
H1,4.0,142.4,55.0,100.0,10.0
H1,4.0,142.6,55.0,100.0,10.0
H1,4.0,142.8,55.0,100.0,10.0
H1,4.0,143.0,55.0,100.0,10.0
H1,4.0,143.2,55.0,100.0,10.0
H1,4.0,143.4,55.0,100.0,10.0
H1,4.0,143.6,55.0,100.0,10.0
H1,4.0,143.8,55.0,100.0,10.0
H1,4.0,144.0,55.0,100.0,10.0
H1,4.0,144.2,55.0,100.0,10.0
H1,4.0,144.4,55.0,100.0,10.0
H1,4.0,144.6,55.0,100.0,10.0
H1,4.0,144.8,55.0,100.0,10.0
H1,4.0,145.0,55.0,100.0,10.0
H1,4.0,145.2,55.0,100.0,10.0
H1,4.0,145.4,55.0,100.0,10.0
H1,4.0,145.6,55.0,100.0,10.0
H1,4.0,145.8,55.0,100.0,10.0
H1,4.0,146.0,55.0,100.0,10.0
H1,4.0,146.2,55.0,100.0,10.0
H1,4.0,146.4,55.0,100.0,10.0
H1,4.0,146.6,55.0,100.0,10.0
H1,4.0,146.8,55.0,100.0,10.0
H1,4.0,147.0,55.0,100.0,10.0
H1,4.0,147.2,55.0,100.0,10.0
H1,4.0,147.4,55.0,100.0,10.0
H1,4.0,147.6,55.0,100.0,10.0
H1,4.0,147.8,55.0,100.0,10.0
H1,4.0,148.0,55.0,100.0,10.0
H1,4.0,148.2,55.0,100.0,10.0
H1,4.0,148.4,55.0,100.0,10.0
H1,4.0,148.6,55.0,100.0,10.0
H1,4.0,148.8,55.0,100.0,10.0
H1,4.0,149.0,55.0,100.0,10.0
H1,4.0,149.2,55.0,100.0,10.0
H1,4.0,149.4,55.0,100.0,10.0
H1,4.0,149.6,55.0,100.0,10.0
H1,4.0,149.8,55.0,100.0,10.0
H1,4.0,150.0,55.0,100.0,10.0
H1,4.0,150.2,55.0,100.0,10.0
H1,4.0,150.4,55.0,100.0,10.0
H1,4.0,150.6,55.0,100.0,10.0
H1,4.0,150.8,55.0,100.0,10.0
H1,4.0,151.0,55.0,100.0,10.0
H1,4.0,151.2,55.0,100.0,10.0
H1,4.0,151.4,55.0,100.0,10.0
H1,4.0,151.6,55.0,100.0,10.0
H1,4.0,151.8,55.0,100.0,10.0
H1,4.0,152.0,55.0,100.0,10.0
H1,4.0,152.2,55.0,100.0,10.0
H1,4.0,152.4,55.0,100.0,10.0
H1,4.0,152.6,55.0,100.0,10.0
H1,4.0,152.8,55.0,100.0,10.0
H1,4.0,153.0,55.0,100.0,10.0
H1,4.0,153.2,55.0,100.0,10.0
H1,4.0,153.4,55.0,100.0,10.0
H1,4.0,153.6,55.0,100.0,10.0
H1,4.0,153.8,55.0,100.0,10.0
H1,4.0,154.0,55.0,100.0,10.0
H1,4.0,154.2,55.0,100.0,10.0
H1,4.0,154.4,55.0,100.0,10.0
H1,4.0,154.6,55.0,100.0,10.0
H1,4.0,154.8,55.0,100.0,10.0
H1,4.0,155.0,55.0,100.0,10.0
H1,4.0,155.2,55.0,100.0,10.0
H1,4.0,155.4,55.0,100.0,10.0
H1,4.0,155.6,55.0,100.0,10.0
H1,4.0,155.8,55.0,100.0,10.0
H1,4.0,156.0,55.0,100.0,10.0
H1,4.0,156.2,55.0,100.0,10.0
H1,4.0,156.4,55.0,100.0,10.0
H1,4.0,156.6,55.0,100.0,10.0
H1,4.0,156.8,55.0,100.0,10.0
H1,4.0,157.0,55.0,100.0,10.0
H1,4.0,157.2,55.0,100.0,10.0
H1,4.0,157.4,55.0,100.0,10.0
H1,4.0,157.6,55.0,100.0,10.0
H1,4.0,157.8,55.0,100.0,10.0
H1,4.0,158.0,55.0,100.0,10.0
H1,4.0,158.2,55.0,100.0,10.0
H1,4.0,158.4,55.0,100.0,10.0
H1,4.0,158.6,55.0,100.0,10.0
H1,4.0,158.8,55.0,100.0,10.0
H1,4.0,159.0,55.0,100.0,10.0
H1,4.0,159.2,55.0,100.0,10.0
H1,4.0,159.4,55.0,100.0,10.0
H1,4.0,159.6,55.0,100.0,10.0
H1,4.0,159.8,55.0,100.0,10.0
H1,4.0,160.0,55.0,100.0,10.0
H1,4.0,160.2,55.0,100.0,10.0
H1,4.0,160.4,55.0,100.0,10.0
H1,4.0,160.6,55.0,100.0,10.0
H1,4.0,160.8,55.0,100.0,10.0
H1,4.0,161.0,55.0,100.0,10.0
H1,4.0,161.2,55.0,100.0,10.0
H1,4.0,161.4,55.0,100.0,10.0
H1,4.0,161.6,55.0,100.0,10.0
H1,4.0,161.8,55.0,100.0,10.0
H1,4.0,162.0,55.0,100.0,10.0
H1,4.0,162.2,55.0,100.0,10.0
H1,4.0,162.4,55.0,100.0,10.0
H1,4.0,162.6,55.0,100.0,10.0
H1,4.0,162.8,55.0,100.0,10.0
H1,4.0,163.0,55.0,100.0,10.0
H1,4.0,163.2,55.0,100.0,10.0
H1,4.0,163.4,55.0,100.0,10.0
H1,4.0,163.6,55.0,100.0,10.0
H1,4.0,163.8,55.0,100.0,10.0
H1,4.0,164.0,55.0,100.0,10.0
H1,4.0,164.2,55.0,100.0,10.0
H1,4.0,164.4,55.0,100.0,10.0
H1,4.0,164.6,55.0,100.0,10.0
H1,4.0,164.8,55.0,100.0,10.0
H1,4.0,165.0,55.0,100.0,10.0
H1,4.0,165.2,55.0,100.0,10.0
H1,4.0,165.4,55.0,100.0,10.0
H1,4.0,165.6,55.0,100.0,10.0
H1,4.0,165.8,55.0,100.0,10.0
H1,4.0,166.0,55.0,100.0,10.0
H1,4.0,166.2,55.0,100.0,10.0
H1,4.0,166.4,55.0,100.0,10.0
H1,4.0,166.6,55.0,100.0,10.0
H1,4.0,166.8,55.0,100.0,10.0
H1,4.0,167.0,55.0,100.0,10.0
H1,4.0,167.2,55.0,100.0,10.0
H1,4.0,167.4,55.0,100.0,10.0
H1,4.0,167.6,55.0,100.0,10.0
H1,4.0,167.8,55.0,100.0,10.0
H1,4.0,168.0,55.0,100.0,10.0
H1,4.0,168.2,55.0,100.0,10.0
H1,4.0,168.4,55.0,100.0,10.0
H1,4.0,168.6,55.0,100.0,10.0
H1,4.0,168.8,55.0,100.0,10.0
H1,4.0,169.0,55.0,100.0,10.0
H1,4.0,169.2,55.0,100.0,10.0
H1,4.0,169.4,55.0,100.0,10.0
H1,4.0,169.6,55.0,100.0,10.0
H1,4.0,169.8,55.0,100.0,10.0
H1,4.0,170.0,55.0,100.0,10.0
H1,4.0,170.2,55.0,100.0,10.0
H1,4.0,170.4,55.0,100.0,10.0
H1,4.0,170.6,55.0,100.0,10.0
H1,4.0,170.8,55.0,100.0,10.0
H1,4.0,171.0,55.0,100.0,10.0
H1,4.0,171.2,55.0,100.0,10.0
H1,4.0,171.4,55.0,100.0,10.0
H1,4.0,171.6,55.0,100.0,10.0
H1,4.0,171.8,55.0,100.0,10.0
H1,4.0,172.0,55.0,100.0,10.0
H1,4.0,172.2,55.0,100.0,10.0
H1,4.0,172.4,55.0,100.0,10.0
H1,4.0,172.6,55.0,100.0,10.0
H1,4.0,172.8,55.0,100.0,10.0
H1,4.0,173.0,55.0,100.0,10.0
H1,4.0,173.2,55.0,100.0,10.0
H1,4.0,173.4,55.0,100.0,10.0
H1,4.0,173.6,55.0,100.0,10.0
H1,4.0,173.8,55.0,100.0,10.0
H1,4.0,174.0,55.0,100.0,10.0
H1,4.0,174.2,55.0,100.0,10.0
H1,4.0,174.4,55.0,100.0,10.0
H1,4.0,174.6,55.0,100.0,10.0
H1,4.0,174.8,55.0,100.0,10.0
H1,4.0,175.0,55.0,100.0,10.0
H1,4.0,175.2,55.0,100.0,10.0
H1,4.0,175.4,55.0,100.0,10.0
H1,4.0,175.6,55.0,100.0,10.0
H1,4.0,175.8,55.0,100.0,10.0
H1,4.0,176.0,55.0,100.0,10.0
H1,4.0,176.2,55.0,100.0,10.0
H1,4.0,176.4,55.0,100.0,10.0
H1,4.0,176.6,55.0,100.0,10.0
H1,4.0,176.8,55.0,100.0,10.0
H1,4.0,177.0,55.0,100.0,10.0
H1,4.0,177.2,55.0,100.0,10.0
H1,4.0,177.4,55.0,100.0,10.0
H1,4.0,177.6,55.0,100.0,10.0
H1,4.0,177.8,55.0,100.0,10.0
H1,4.0,178.0,55.0,100.0,10.0
H1,4.0,178.2,55.0,100.0,10.0
H1,4.0,178.4,55.0,100.0,10.0
H1,4.0,178.6,55.0,100.0,10.0
H1,4.0,178.8,55.0,100.0,10.0
H1,4.0,179.0,55.0,100.0,10.0
H1,4.0,179.2,55.0,100.0,10.0
H1,4.0,179.4,55.0,100.0,10.0
H1,4.0,179.6,55.0,100.0,10.0
H1,4.0,179.8,55.0,100.0,10.0
H1,4.0,180.0,55.0,100.0,10.0
H1,4.0,180.2,55.0,100.0,10.0
H1,4.0,180.4,55.0,100.0,10.0
H1,4.0,180.6,55.0,100.0,10.0
H1,4.0,180.8,55.0,100.0,10.0
H1,4.0,181.0,55.0,100.0,10.0
H1,4.0,181.2,55.0,100.0,10.0
H1,4.0,181.4,55.0,100.0,10.0
H1,4.0,181.6,55.0,100.0,10.0
H1,4.0,181.8,55.0,100.0,10.0
H1,4.0,182.0,55.0,100.0,10.0
H1,4.0,182.2,55.0,100.0,10.0
H1,4.0,182.4,55.0,100.0,10.0
H1,4.0,182.6,55.0,100.0,10.0
H1,4.0,182.8,55.0,100.0,10.0
H1,4.0,183.0,55.0,100.0,10.0
H1,4.0,183.2,55.0,100.0,10.0
H1,4.0,183.4,55.0,100.0,10.0
H1,4.0,183.6,55.0,100.0,10.0
H1,4.0,183.8,55.0,100.0,10.0
H1,4.0,184.0,55.0,100.0,10.0
H1,4.0,184.2,55.0,100.0,10.0
H1,4.0,184.4,55.0,100.0,10.0
H1,4.0,184.6,55.0,100.0,10.0
H1,4.0,184.8,55.0,100.0,10.0
H1,4.0,185.0,55.0,100.0,10.0
H1,4.0,185.2,55.0,100.0,10.0
H1,4.0,185.4,55.0,100.0,10.0
H1,4.0,185.6,55.0,100.0,10.0
H1,4.0,185.8,55.0,100.0,10.0
H1,4.0,186.0,55.0,100.0,10.0
H1,4.0,186.2,55.0,100.0,10.0
H1,4.0,186.4,55.0,100.0,10.0
H1,4.0,186.6,55.0,100.0,10.0
H1,4.0,186.8,55.0,100.0,10.0
H1,4.0,187.0,55.0,100.0,10.0
H1,4.0,187.2,55.0,100.0,10.0
H1,4.0,187.4,55.0,100.0,10.0
H1,4.0,187.6,55.0,100.0,10.0
H1,4.0,187.8,55.0,100.0,10.0
H1,4.0,188.0,55.0,100.0,10.0
H1,4.0,188.2,55.0,100.0,10.0
H1,4.0,188.4,55.0,100.0,10.0
H1,4.0,188.6,55.0,100.0,10.0
H1,4.0,188.8,55.0,100.0,10.0
H1,4.0,189.0,55.0,100.0,10.0
H1,4.0,189.2,55.0,100.0,10.0
H1,4.0,189.4,55.0,100.0,10.0
H1,4.0,189.6,55.0,100.0,10.0
H1,4.0,189.8,55.0,100.0,10.0
H1,4.0,190.0,55.0,100.0,10.0
H1,4.0,190.2,55.0,100.0,10.0
H1,4.0,190.4,55.0,100.0,10.0
H1,4.0,190.6,55.0,100.0,10.0
H1,4.0,190.8,55.0,100.0,10.0
H1,4.0,191.0,55.0,100.0,10.0
H1,4.0,191.2,55.0,100.0,10.0
H1,4.0,191.4,55.0,100.0,10.0
H1,4.0,191.6,55.0,100.0,10.0
H1,4.0,191.8,55.0,100.0,10.0
H1,4.0,192.0,55.0,100.0,10.0
H1,4.0,192.2,55.0,100.0,10.0
H1,4.0,192.4,55.0,100.0,10.0
H1,4.0,192.6,55.0,100.0,10.0
H1,4.0,192.8,55.0,100.0,10.0
H1,4.0,193.0,55.0,100.0,10.0
H1,4.0,193.2,55.0,100.0,10.0
H1,4.0,193.4,55.0,100.0,10.0
H1,4.0,193.6,55.0,100.0,10.0
H1,4.0,193.8,55.0,100.0,10.0
H1,4.0,194.0,55.0,100.0,10.0
H1,4.0,194.2,55.0,100.0,10.0
H1,4.0,194.4,55.0,100.0,10.0
H1,4.0,194.6,55.0,100.0,10.0
H1,4.0,194.8,55.0,100.0,10.0
H1,4.0,195.0,55.0,100.0,10.0
H1,4.0,195.2,55.0,100.0,10.0
H1,4.0,195.4,55.0,100.0,10.0
H1,4.0,195.6,55.0,100.0,10.0
H1,4.0,195.8,55.0,100.0,10.0
H1,4.0,196.0,55.0,100.0,10.0
H1,4.0,196.2,55.0,100.0,10.0
H1,4.0,196.4,55.0,100.0,10.0
H1,4.0,196.6,55.0,100.0,10.0
H1,4.0,196.8,55.0,100.0,10.0
H1,4.0,197.0,55.0,100.0,10.0
H1,4.0,197.2,55.0,100.0,10.0
H1,4.0,197.4,55.0,100.0,10.0
H1,4.0,197.6,55.0,100.0,10.0
H1,4.0,197.8,55.0,100.0,10.0
H1,4.0,198.0,55.0,100.0,10.0
H1,4.0,198.2,55.0,100.0,10.0
H1,4.0,198.4,55.0,100.0,10.0
H1,4.0,198.6,55.0,100.0,10.0
H1,4.0,198.8,55.0,100.0,10.0
H1,4.0,199.0,55.0,100.0,10.0
H1,4.0,199.2,55.0,100.0,10.0
H1,4.0,199.4,55.0,100.0,10.0
H1,4.0,199.6,55.0,100.0,10.0
H1,4.0,199.8,55.0,100.0,10.0
H1,4.0,200.0,55.0,100.0,10.0
H1,4.0,200.2,55.0,100.0,10.0
H1,4.0,200.4,55.0,100.0,10.0
H1,4.0,200.6,55.0,100.0,10.0
H1,4.0,200.8,55.0,100.0,10.0
H1,4.0,201.0,55.0,100.0,10.0
H1,4.0,201.2,55.0,100.0,10.0
H1,4.0,201.4,55.0,100.0,10.0
H1,4.0,201.6,55.0,100.0,10.0
H1,4.0,201.8,55.0,100.0,10.0
H1,4.0,202.0,55.0,100.0,10.0
H1,4.0,202.2,55.0,100.0,10.0
H1,4.0,202.4,55.0,100.0,10.0
H1,4.0,202.6,55.0,100.0,10.0
H1,4.0,202.8,55.0,100.0,10.0
H1,4.0,203.0,55.0,100.0,10.0
H1,4.0,203.2,55.0,100.0,10.0
H1,4.0,203.4,55.0,100.0,10.0
H1,4.0,203.6,55.0,100.0,10.0
H1,4.0,203.8,55.0,100.0,10.0
H1,4.0,204.0,55.0,100.0,10.0
H1,4.0,204.2,55.0,100.0,10.0
H1,4.0,204.4,55.0,100.0,10.0
H1,4.0,204.6,55.0,100.0,10.0
H1,4.0,204.8,55.0,100.0,10.0
H1,4.0,205.0,55.0,100.0,10.0
H1,4.0,205.2,55.0,100.0,10.0
H1,4.0,205.4,55.0,100.0,10.0
H1,4.0,205.6,55.0,100.0,10.0
H1,4.0,205.8,55.0,100.0,10.0
H1,4.0,206.0,55.0,100.0,10.0
H1,4.0,206.2,55.0,100.0,10.0
H1,4.0,206.4,55.0,100.0,10.0
H1,4.0,206.6,55.0,100.0,10.0
H1,4.0,206.8,55.0,100.0,10.0
H1,4.0,207.0,55.0,100.0,10.0
H1,4.0,207.2,55.0,100.0,10.0
H1,4.0,207.4,55.0,100.0,10.0
H1,4.0,207.6,55.0,100.0,10.0
H1,4.0,207.8,55.0,100.0,10.0
H1,4.0,208.0,55.0,100.0,10.0
H1,4.0,208.2,55.0,100.0,10.0
H1,4.0,208.4,55.0,100.0,10.0
H1,4.0,208.6,55.0,100.0,10.0
H1,4.0,208.8,55.0,100.0,10.0
H1,4.0,209.0,55.0,100.0,10.0
H1,4.0,209.2,55.0,100.0,10.0
H1,4.0,209.4,55.0,100.0,10.0
H1,4.0,209.6,55.0,100.0,10.0
H1,4.0,209.8,55.0,100.0,10.0
H1,4.0,210.0,55.0,100.0,10.0
H1,4.0,210.2,55.0,100.0,10.0
H1,4.0,210.4,55.0,100.0,10.0
H1,4.0,210.6,55.0,100.0,10.0
H1,4.0,210.8,55.0,100.0,10.0
H1,4.0,211.0,55.0,100.0,10.0
H1,4.0,211.2,55.0,100.0,10.0
H1,4.0,211.4,55.0,100.0,10.0
H1,4.0,211.6,55.0,100.0,10.0
H1,4.0,211.8,55.0,100.0,10.0
H1,4.0,212.0,55.0,100.0,10.0
H1,4.0,212.2,55.0,100.0,10.0
H1,4.0,212.4,55.0,100.0,10.0
H1,4.0,212.6,55.0,100.0,10.0
H1,4.0,212.8,55.0,100.0,10.0
H1,4.0,213.0,55.0,100.0,10.0
H1,4.0,213.2,55.0,100.0,10.0
H1,4.0,213.4,55.0,100.0,10.0
H1,4.0,213.6,55.0,100.0,10.0
H1,4.0,213.8,55.0,100.0,10.0
H1,4.0,214.0,55.0,100.0,10.0
H1,4.0,214.2,55.0,100.0,10.0
H1,4.0,214.4,55.0,100.0,10.0
H1,4.0,214.6,55.0,100.0,10.0
H1,4.0,214.8,55.0,100.0,10.0
H1,4.0,215.0,55.0,100.0,10.0
H1,4.0,215.2,55.0,100.0,10.0
H1,4.0,215.4,55.0,100.0,10.0
H1,4.0,215.6,55.0,100.0,10.0
H1,4.0,215.8,55.0,100.0,10.0
H1,4.0,216.0,55.0,100.0,10.0
H1,4.0,216.2,55.0,100.0,10.0
H1,4.0,216.4,55.0,100.0,10.0
H1,4.0,216.6,55.0,100.0,10.0
H1,4.0,216.8,55.0,100.0,10.0
H1,4.0,217.0,55.0,100.0,10.0
H1,4.0,217.2,55.0,100.0,10.0
H1,4.0,217.4,55.0,100.0,10.0
H1,4.0,217.6,55.0,100.0,10.0
H1,4.0,217.8,55.0,100.0,10.0
H1,4.0,218.0,55.0,100.0,10.0
H1,4.0,218.2,55.0,100.0,10.0
H1,4.0,218.4,55.0,100.0,10.0
H1,4.0,218.6,55.0,100.0,10.0
H1,4.0,218.8,55.0,100.0,10.0
H1,4.0,219.0,55.0,100.0,10.0
H1,4.0,219.2,55.0,100.0,10.0
H1,4.0,219.4,55.0,100.0,10.0
H1,4.0,219.6,55.0,100.0,10.0
H1,4.0,219.8,55.0,100.0,10.0
H1,4.0,220.0,55.0,100.0,10.0
H1,4.0,220.2,55.0,100.0,10.0
H1,4.0,220.4,55.0,100.0,10.0
H1,4.0,220.6,55.0,100.0,10.0
H1,4.0,220.8,55.0,100.0,10.0
H1,4.0,221.0,55.0,100.0,10.0
H1,4.0,221.2,55.0,100.0,10.0
H1,4.0,221.4,55.0,100.0,10.0
H1,4.0,221.6,55.0,100.0,10.0
H1,4.0,221.8,55.0,100.0,10.0
H1,4.0,222.0,55.0,100.0,10.0
H1,4.0,222.2,55.0,100.0,10.0
H1,4.0,222.4,55.0,100.0,10.0
H1,4.0,222.6,55.0,100.0,10.0
H1,4.0,222.8,55.0,100.0,10.0
H1,4.0,223.0,55.0,100.0,10.0
H1,4.0,223.2,55.0,100.0,10.0
H1,4.0,223.4,55.0,100.0,10.0
H1,4.0,223.6,55.0,100.0,10.0
H1,4.0,223.8,55.0,100.0,10.0
H1,4.0,224.0,55.0,100.0,10.0
H1,4.0,224.2,55.0,100.0,10.0
H1,4.0,224.4,55.0,100.0,10.0
H1,4.0,224.6,55.0,100.0,10.0
H1,4.0,224.8,55.0,100.0,10.0
H1,4.0,225.0,55.0,100.0,10.0
H1,4.0,225.2,55.0,100.0,10.0
H1,4.0,225.4,55.0,100.0,10.0
H1,4.0,225.6,55.0,100.0,10.0
H1,4.0,225.8,55.0,100.0,10.0
H1,4.0,226.0,55.0,100.0,10.0
H1,4.0,226.2,55.0,100.0,10.0
H1,4.0,226.4,55.0,100.0,10.0
H1,4.0,226.6,55.0,100.0,10.0
H1,4.0,226.8,55.0,100.0,10.0
H1,4.0,227.0,55.0,100.0,10.0
H1,4.0,227.2,55.0,100.0,10.0
H1,4.0,227.4,55.0,100.0,10.0
H1,4.0,227.6,55.0,100.0,10.0
H1,4.0,227.8,55.0,100.0,10.0
H1,4.0,228.0,55.0,100.0,10.0
H1,4.0,228.2,55.0,100.0,10.0
H1,4.0,228.4,55.0,100.0,10.0
H1,4.0,228.6,55.0,100.0,10.0
H1,4.0,228.8,55.0,100.0,10.0
H1,4.0,229.0,55.0,100.0,10.0
H1,4.0,229.2,55.0,100.0,10.0
H1,4.0,229.4,55.0,100.0,10.0
H1,4.0,229.6,55.0,100.0,10.0
H1,4.0,229.8,55.0,100.0,10.0
H1,4.0,230.0,55.0,100.0,10.0
H1,4.0,230.2,55.0,100.0,10.0
H1,4.0,230.4,55.0,100.0,10.0
H1,4.0,230.6,55.0,100.0,10.0
H1,4.0,230.8,55.0,100.0,10.0
H1,4.0,231.0,55.0,100.0,10.0
H1,4.0,231.2,55.0,100.0,10.0
H1,4.0,231.4,55.0,100.0,10.0
H1,4.0,231.6,55.0,100.0,10.0
H1,4.0,231.8,55.0,100.0,10.0
H1,4.0,232.0,55.0,100.0,10.0
H1,4.0,232.2,55.0,100.0,10.0
H1,4.0,232.4,55.0,100.0,10.0
H1,4.0,232.6,55.0,100.0,10.0
H1,4.0,232.8,55.0,100.0,10.0
H1,4.0,233.0,55.0,100.0,10.0
H1,4.0,233.2,55.0,100.0,10.0
H1,4.0,233.4,55.0,100.0,10.0
H1,4.0,233.6,55.0,100.0,10.0
H1,4.0,233.8,55.0,100.0,10.0
H1,4.0,234.0,55.0,100.0,10.0
H1,4.0,234.2,55.0,100.0,10.0
H1,4.0,234.4,55.0,100.0,10.0
H1,4.0,234.6,55.0,100.0,10.0
H1,4.0,234.8,55.0,100.0,10.0
H1,4.0,235.0,55.0,100.0,10.0
H1,4.0,235.2,55.0,100.0,10.0
H1,4.0,235.4,55.0,100.0,10.0
H1,4.0,235.6,55.0,100.0,10.0
H1,4.0,235.8,55.0,100.0,10.0
H1,4.0,236.0,55.0,100.0,10.0
H1,4.0,236.2,55.0,100.0,10.0
H1,4.0,236.4,55.0,100.0,10.0
H1,4.0,236.6,55.0,100.0,10.0
H1,4.0,236.8,55.0,100.0,10.0
H1,4.0,237.0,55.0,100.0,10.0
H1,4.0,237.2,55.0,100.0,10.0
H1,4.0,237.4,55.0,100.0,10.0
H1,4.0,237.6,55.0,100.0,10.0
H1,4.0,237.8,55.0,100.0,10.0
H1,4.0,238.0,55.0,100.0,10.0
H1,4.0,238.2,55.0,100.0,10.0
H1,4.0,238.4,55.0,100.0,10.0
H1,4.0,238.6,55.0,100.0,10.0
H1,4.0,238.8,55.0,100.0,10.0
H1,4.0,239.0,55.0,100.0,10.0
H1,4.0,239.2,55.0,100.0,10.0
H1,4.0,239.4,55.0,100.0,10.0
H1,4.0,239.6,55.0,100.0,10.0
H1,4.0,239.8,55.0,100.0,10.0
H1,4.0,240.0,55.0,100.0,10.0
H1,4.0,240.2,55.0,100.0,10.0
H1,4.0,240.4,55.0,100.0,10.0
H1,4.0,240.6,55.0,100.0,10.0
H1,4.0,240.8,55.0,100.0,10.0
H1,4.0,241.0,55.0,100.0,10.0
H1,4.0,241.2,55.0,100.0,10.0
H1,4.0,241.4,55.0,100.0,10.0
H1,4.0,241.6,55.0,100.0,10.0
H1,4.0,241.8,55.0,100.0,10.0
H1,4.0,242.0,55.0,100.0,10.0
H1,4.0,242.2,55.0,100.0,10.0
H1,4.0,242.4,55.0,100.0,10.0
H1,4.0,242.6,55.0,100.0,10.0
H1,4.0,242.8,55.0,100.0,10.0
H1,4.0,243.0,55.0,100.0,10.0
H1,4.0,243.2,55.0,100.0,10.0
H1,4.0,243.4,55.0,100.0,10.0
H1,4.0,243.6,55.0,100.0,10.0
H1,4.0,243.8,55.0,100.0,10.0
H1,4.0,244.0,55.0,100.0,10.0
H1,4.0,244.2,55.0,100.0,10.0
H1,4.0,244.4,55.0,100.0,10.0
H1,4.0,244.6,55.0,100.0,10.0
H1,4.0,244.8,55.0,100.0,10.0
H1,4.0,245.0,55.0,100.0,10.0
H1,4.0,245.2,55.0,100.0,10.0
H1,4.0,245.4,55.0,100.0,10.0
H1,4.0,245.6,55.0,100.0,10.0
H1,4.0,245.8,55.0,100.0,10.0
H1,4.0,246.0,55.0,100.0,10.0
H1,4.0,246.2,55.0,100.0,10.0
H1,4.0,246.4,55.0,100.0,10.0
H1,4.0,246.6,55.0,100.0,10.0
H1,4.0,246.8,55.0,100.0,10.0
H1,4.0,247.0,55.0,100.0,10.0
H1,4.0,247.2,55.0,100.0,10.0
H1,4.0,247.4,55.0,100.0,10.0
H1,4.0,247.6,55.0,100.0,10.0
H1,4.0,247.8,55.0,100.0,10.0
H1,4.0,248.0,55.0,100.0,10.0
H1,4.0,248.2,55.0,100.0,10.0
H1,4.0,248.4,55.0,100.0,10.0
H1,4.0,248.6,55.0,100.0,10.0
H1,4.0,248.8,55.0,100.0,10.0
H1,4.0,249.0,55.0,100.0,10.0
H1,4.0,249.2,55.0,100.0,10.0
H1,4.0,249.4,55.0,100.0,10.0
H1,4.0,249.6,55.0,100.0,10.0
H1,4.0,249.8,55.0,100.0,10.0
H1,4.0,250.0,55.0,100.0,10.0
H1,4.0,250.2,55.0,100.0,10.0
L1,3.0,0.0,0.0,55.0,10.0
L1,3.0,1.0,1.81,54.4,9.4
L1,3.0,1.2,3.0,54.0,9.0
L1,3.0,1.4,5.0,54.0,9.0
L1,3.0,1.6,6.0,54.0,9.0
L1,3.0,1.8,8.0,54.0,9.0
L1,3.0,2.0,9.0,54.0,9.0
L1,3.0,2.2,11.0,54.0,9.0
L1,3.0,2.4,12.0,54.0,9.0
L1,3.0,2.6,14.0,54.0,9.0
L1,3.0,2.8,15.0,54.0,9.0
L1,3.0,3.0,17.0,54.0,9.0
L1,3.0,3.2,18.0,54.0,9.0
L1,3.0,3.4,20.0,54.0,9.0
L1,3.0,3.6,21.0,54.0,9.0
L1,3.0,3.8,23.0,54.0,9.0
L1,3.0,4.0,24.0,54.0,9.0
L1,3.0,4.2,26.0,54.0,9.0
L1,3.0,4.4,27.0,54.0,9.0
L1,3.0,4.6,29.0,54.0,9.0
L1,3.0,4.8,30.0,54.0,9.0
L1,3.0,5.0,32.0,54.0,9.0
L1,3.0,5.2,33.0,54.0,9.0
L1,3.0,5.4,35.0,54.0,9.0
L1,3.0,5.6,36.0,54.0,9.0
L1,3.0,5.8,37.41,55.41,9.0
L1,3.0,6.0,38.83,56.83,9.0
L1,3.0,6.2,40.24,58.24,9.0
L1,3.0,6.4,41.66,59.66,9.0
L1,3.0,6.6,43.07,61.07,9.0
L1,3.0,6.8,44.49,62.49,9.0
L1,3.0,7.0,45.0,63.0,9.0
L1,3.0,7.2,47.0,63.0,9.0
L1,3.0,7.4,48.0,63.0,9.0
L1,3.0,7.6,50.0,63.0,9.0
L1,3.0,7.8,51.0,63.0,9.0
L1,3.0,8.0,53.0,63.0,9.0
L1,3.0,8.2,54.0,63.0,9.0
L1,3.0,8.4,56.0,63.0,9.0
L1,3.0,8.6,57.0,63.0,9.0
L1,3.0,8.8,59.0,63.0,9.0
L1,3.0,9.0,60.0,63.0,9.0
L1,3.0,9.2,62.0,63.0,9.0
L1,3.0,9.4,62.13,62.27,9.0
L1,3.0,9.6,62.12,60.27,9.0
L1,3.0,9.8,62.11,58.27,9.0
L1,3.0,10.0,62.1,56.27,9.0
L1,3.0,10.2,62.09,54.27,9.0
L1,3.0,10.4,62.08,52.27,9.0
L1,3.0,10.6,62.08,50.27,9.0
L1,3.0,10.8,62.07,48.27,9.0
L1,3.0,11.0,62.06,46.27,9.0
L1,3.0,11.2,62.05,44.27,9.0
L1,3.0,11.4,62.04,42.27,9.0
L1,3.0,11.6,62.03,40.27,9.0
L1,3.0,11.8,62.02,38.27,9.0
L1,3.0,12.0,62.01,36.27,9.0
L1,3.0,12.2,62.01,34.27,9.0
L1,3.0,12.4,62.0,33.0,9.0
L1,3.0,12.6,63.6,34.2,9.0
L1,3.0,12.8,65.2,35.4,9.0
L1,3.0,13.0,66.0,36.0,9.0
L1,3.0,13.2,68.0,36.0,9.0
L1,3.0,13.4,69.0,36.0,9.0
L1,3.0,13.6,71.0,36.0,9.0
L1,3.0,13.8,72.0,36.0,9.0
L1,3.0,14.0,74.0,36.0,9.0
L1,3.0,14.2,75.0,36.0,9.0
L1,3.0,14.4,77.0,36.0,9.0
L1,3.0,14.6,78.0,36.0,9.0
L1,3.0,14.8,79.41,37.41,9.0
L1,3.0,15.0,80.83,38.83,9.0
L1,3.0,15.2,82.24,40.24,9.0
L1,3.0,15.4,83.66,41.66,9.0
L1,3.0,15.6,85.07,43.07,9.0
L1,3.0,15.8,86.49,44.49,9.0
L1,3.0,16.0,87.0,45.0,9.0
L1,3.0,16.2,88.41,46.41,9.0
L1,3.0,16.4,89.83,47.83,9.0
L1,3.0,16.6,91.24,49.24,9.0
L1,3.0,16.8,92.66,50.66,9.0
L1,3.0,17.0,94.37,51.67,9.23
L1,3.0,17.2,96.08,52.68,9.47
L1,3.0,17.4,97.79,53.69,9.7
L1,3.0,17.6,99.5,54.7,9.93
L1,3.0,17.8,100.0,55.0,10.0
L1,3.0,18.0,100.0,55.0,10.0
L1,3.0,18.2,100.0,55.0,10.0
L1,3.0,18.4,100.0,55.0,10.0
L1,3.0,18.6,100.0,55.0,10.0
L1,3.0,18.8,100.0,55.0,10.0
L1,3.0,19.0,100.0,55.0,10.0
L1,3.0,19.2,100.0,55.0,10.0
L1,3.0,19.4,100.0,55.0,10.0
L1,3.0,19.6,100.0,55.0,10.0
L1,3.0,19.8,100.0,55.0,10.0
L1,3.0,20.0,100.0,55.0,10.0
L1,3.0,20.2,100.0,55.0,10.0
L1,3.0,20.4,100.0,55.0,10.0
L1,3.0,20.6,100.0,55.0,10.0
L1,3.0,20.8,100.0,55.0,10.0
L1,3.0,21.0,100.0,55.0,10.0
L1,3.0,21.2,100.0,55.0,10.0
L1,3.0,21.4,100.0,55.0,10.0
L1,3.0,21.6,100.0,55.0,10.0
L1,3.0,21.8,100.0,55.0,10.0
L1,3.0,22.0,100.0,55.0,10.0
L1,3.0,22.2,100.0,55.0,10.0
L1,3.0,22.4,100.0,55.0,10.0
L1,3.0,22.6,100.0,55.0,10.0
L1,3.0,22.8,100.0,55.0,10.0
L1,3.0,23.0,100.0,55.0,10.0
L1,3.0,23.2,100.0,55.0,10.0
L1,3.0,23.4,100.0,55.0,10.0
L1,3.0,23.6,100.0,55.0,10.0
L1,3.0,23.8,100.0,55.0,10.0
L1,3.0,24.0,100.0,55.0,10.0
L1,3.0,24.2,100.0,55.0,10.0
L1,3.0,24.4,100.0,55.0,10.0
L1,3.0,24.6,100.0,55.0,10.0
L1,3.0,24.8,100.0,55.0,10.0
L1,3.0,25.0,100.0,55.0,10.0
L1,3.0,25.2,100.0,55.0,10.0
L1,3.0,25.4,100.0,55.0,10.0
L1,3.0,25.6,100.0,55.0,10.0
L1,3.0,25.8,100.0,55.0,10.0
L1,3.0,26.0,100.0,55.0,10.0
L1,3.0,26.2,100.0,55.0,10.0
L1,3.0,26.4,100.0,55.0,10.0
L1,3.0,26.6,100.0,55.0,10.0
L1,3.0,26.8,100.0,55.0,10.0
L1,3.0,27.0,100.0,55.0,10.0
L1,3.0,27.2,100.0,55.0,10.0
L1,3.0,27.4,100.0,55.0,10.0
L1,3.0,27.6,100.0,55.0,10.0
L1,3.0,27.8,100.0,55.0,10.0
L1,3.0,28.0,100.0,55.0,10.0
L1,3.0,28.2,100.0,55.0,10.0
L1,3.0,28.4,100.0,55.0,10.0
L1,3.0,28.6,100.0,55.0,10.0
L1,3.0,28.8,100.0,55.0,10.0
L1,3.0,29.0,100.0,55.0,10.0
L1,3.0,29.2,100.0,55.0,10.0
L1,3.0,29.4,100.0,55.0,10.0
L1,3.0,29.6,100.0,55.0,10.0
L1,3.0,29.8,100.0,55.0,10.0
L1,3.0,30.0,100.0,55.0,10.0
L1,3.0,30.2,100.0,55.0,10.0
L1,3.0,30.4,100.0,55.0,10.0
L1,3.0,30.6,100.0,55.0,10.0
L1,3.0,30.8,100.0,55.0,10.0
L1,3.0,31.0,100.0,55.0,10.0
L1,3.0,31.2,100.0,55.0,10.0
L1,3.0,31.4,100.0,55.0,10.0
L1,3.0,31.6,100.0,55.0,10.0
L1,3.0,31.8,100.0,55.0,10.0
L1,3.0,32.0,100.0,55.0,10.0
L1,3.0,32.2,100.0,55.0,10.0
L1,3.0,32.4,100.0,55.0,10.0
L1,3.0,32.6,100.0,55.0,10.0
L1,3.0,32.8,100.0,55.0,10.0
L1,3.0,33.0,100.0,55.0,10.0
L1,3.0,33.2,100.0,55.0,10.0
L1,3.0,33.4,100.0,55.0,10.0
L1,3.0,33.6,100.0,55.0,10.0
L1,3.0,33.8,100.0,55.0,10.0
L1,3.0,34.0,100.0,55.0,10.0
L1,3.0,34.2,100.0,55.0,10.0
L1,3.0,34.4,100.0,55.0,10.0
L1,3.0,34.6,100.0,55.0,10.0
L1,3.0,34.8,100.0,55.0,10.0
L1,3.0,35.0,100.0,55.0,10.0
L1,3.0,35.2,100.0,55.0,10.0
L1,3.0,35.4,100.0,55.0,10.0
L1,3.0,35.6,100.0,55.0,10.0
L1,3.0,35.8,100.0,55.0,10.0
L1,3.0,36.0,100.0,55.0,10.0
L1,3.0,36.2,100.0,55.0,10.0
L1,3.0,36.4,100.0,55.0,10.0
L1,3.0,36.6,100.0,55.0,10.0
L1,3.0,36.8,100.0,55.0,10.0
L1,3.0,37.0,100.0,55.0,10.0
L1,3.0,37.2,100.0,55.0,10.0
L1,3.0,37.4,100.0,55.0,10.0
L1,3.0,37.6,100.0,55.0,10.0
L1,3.0,37.8,100.0,55.0,10.0
L1,3.0,38.0,100.0,55.0,10.0
L1,3.0,38.2,100.0,55.0,10.0
L1,3.0,38.4,100.0,55.0,10.0
L1,3.0,38.6,100.0,55.0,10.0
L1,3.0,38.8,100.0,55.0,10.0
L1,3.0,39.0,100.0,55.0,10.0
L1,3.0,39.2,100.0,55.0,10.0
L1,3.0,39.4,100.0,55.0,10.0
L1,3.0,39.6,100.0,55.0,10.0
L1,3.0,39.8,100.0,55.0,10.0
L1,3.0,40.0,100.0,55.0,10.0
L1,3.0,40.2,100.0,55.0,10.0
L1,3.0,40.4,100.0,55.0,10.0
L1,3.0,40.6,100.0,55.0,10.0
L1,3.0,40.8,100.0,55.0,10.0
L1,3.0,41.0,100.0,55.0,10.0
L1,3.0,41.2,100.0,55.0,10.0
L1,3.0,41.4,100.0,55.0,10.0
L1,3.0,41.6,100.0,55.0,10.0
L1,3.0,41.8,100.0,55.0,10.0
L1,3.0,42.0,100.0,55.0,10.0
L1,3.0,42.2,100.0,55.0,10.0
L1,3.0,42.4,100.0,55.0,10.0
L1,3.0,42.6,100.0,55.0,10.0
L1,3.0,42.8,100.0,55.0,10.0
L1,3.0,43.0,100.0,55.0,10.0
L1,3.0,43.2,100.0,55.0,10.0
L1,3.0,43.4,100.0,55.0,10.0
L1,3.0,43.6,100.0,55.0,10.0
L1,3.0,43.8,100.0,55.0,10.0
L1,3.0,44.0,100.0,55.0,10.0
L1,3.0,44.2,100.0,55.0,10.0
L1,3.0,44.4,100.0,55.0,10.0
L1,3.0,44.6,100.0,55.0,10.0
L1,3.0,44.8,100.0,55.0,10.0
L1,3.0,45.0,100.0,55.0,10.0
L1,3.0,45.2,100.0,55.0,10.0
L1,3.0,45.4,100.0,55.0,10.0
L1,3.0,45.6,100.0,55.0,10.0
L1,3.0,45.8,100.0,55.0,10.0
L1,3.0,46.0,100.0,55.0,10.0
L1,3.0,46.2,100.0,55.0,10.0
L1,3.0,46.4,100.0,55.0,10.0
L1,3.0,46.6,100.0,55.0,10.0
L1,3.0,46.8,100.0,55.0,10.0
L1,3.0,47.0,100.0,55.0,10.0
L1,3.0,47.2,100.0,55.0,10.0
L1,3.0,47.4,100.0,55.0,10.0
L1,3.0,47.6,100.0,55.0,10.0
L1,3.0,47.8,100.0,55.0,10.0
L1,3.0,48.0,100.0,55.0,10.0
L1,3.0,48.2,100.0,55.0,10.0
L1,3.0,48.4,100.0,55.0,10.0
L1,3.0,48.6,100.0,55.0,10.0
L1,3.0,48.8,100.0,55.0,10.0
L1,3.0,49.0,100.0,55.0,10.0
L1,3.0,49.2,100.0,55.0,10.0
L1,3.0,49.4,100.0,55.0,10.0
L1,3.0,49.6,100.0,55.0,10.0
L1,3.0,49.8,100.0,55.0,10.0
L1,3.0,50.0,100.0,55.0,10.0
L1,3.0,50.2,100.0,55.0,10.0
L1,3.0,50.4,100.0,55.0,10.0
L1,3.0,50.6,100.0,55.0,10.0
L1,3.0,50.8,100.0,55.0,10.0
L1,3.0,51.0,100.0,55.0,10.0
L1,3.0,51.2,100.0,55.0,10.0
L1,3.0,51.4,100.0,55.0,10.0
L1,3.0,51.6,100.0,55.0,10.0
L1,3.0,51.8,100.0,55.0,10.0
L1,3.0,52.0,100.0,55.0,10.0
L1,3.0,52.2,100.0,55.0,10.0
L1,3.0,52.4,100.0,55.0,10.0
L1,3.0,52.6,100.0,55.0,10.0
L1,3.0,52.8,100.0,55.0,10.0
L1,3.0,53.0,100.0,55.0,10.0
L1,3.0,53.2,100.0,55.0,10.0
L1,3.0,53.4,100.0,55.0,10.0
L1,3.0,53.6,100.0,55.0,10.0
L1,3.0,53.8,100.0,55.0,10.0
L1,3.0,54.0,100.0,55.0,10.0
L1,3.0,54.2,100.0,55.0,10.0
L1,3.0,54.4,100.0,55.0,10.0
L1,3.0,54.6,100.0,55.0,10.0
L1,3.0,54.8,100.0,55.0,10.0
L1,3.0,55.0,100.0,55.0,10.0
L1,3.0,55.2,100.0,55.0,10.0
L1,3.0,55.4,100.0,55.0,10.0
L1,3.0,55.6,100.0,55.0,10.0
L1,3.0,55.8,100.0,55.0,10.0
L1,3.0,56.0,100.0,55.0,10.0
L1,3.0,56.2,100.0,55.0,10.0
L1,3.0,56.4,100.0,55.0,10.0
L1,3.0,56.6,100.0,55.0,10.0
L1,3.0,56.8,100.0,55.0,10.0
L1,3.0,57.0,100.0,55.0,10.0
L1,3.0,57.2,100.0,55.0,10.0
L1,3.0,57.4,100.0,55.0,10.0
L1,3.0,57.6,100.0,55.0,10.0
L1,3.0,57.8,100.0,55.0,10.0
L1,3.0,58.0,100.0,55.0,10.0
L1,3.0,58.2,100.0,55.0,10.0
L1,3.0,58.4,100.0,55.0,10.0
L1,3.0,58.6,100.0,55.0,10.0
L1,3.0,58.8,100.0,55.0,10.0
L1,3.0,59.0,100.0,55.0,10.0
L1,3.0,59.2,100.0,55.0,10.0
L1,3.0,59.4,100.0,55.0,10.0
L1,3.0,59.6,100.0,55.0,10.0
L1,3.0,59.8,100.0,55.0,10.0
L1,3.0,60.0,100.0,55.0,10.0
L1,3.0,60.2,100.0,55.0,10.0
L1,3.0,60.4,100.0,55.0,10.0
L1,3.0,60.6,100.0,55.0,10.0
L1,3.0,60.8,100.0,55.0,10.0
L1,3.0,61.0,100.0,55.0,10.0
L1,3.0,61.2,100.0,55.0,10.0
L1,3.0,61.4,100.0,55.0,10.0
L1,3.0,61.6,100.0,55.0,10.0
L1,3.0,61.8,100.0,55.0,10.0
L1,3.0,62.0,100.0,55.0,10.0
L1,3.0,62.2,100.0,55.0,10.0
L1,3.0,62.4,100.0,55.0,10.0
L1,3.0,62.6,100.0,55.0,10.0
L1,3.0,62.8,100.0,55.0,10.0
L1,3.0,63.0,100.0,55.0,10.0
L1,3.0,63.2,100.0,55.0,10.0
L1,3.0,63.4,100.0,55.0,10.0
L1,3.0,63.6,100.0,55.0,10.0
L1,3.0,63.8,100.0,55.0,10.0
L1,3.0,64.0,100.0,55.0,10.0
L1,3.0,64.2,100.0,55.0,10.0
L1,3.0,64.4,100.0,55.0,10.0
L1,3.0,64.6,100.0,55.0,10.0
L1,3.0,64.8,100.0,55.0,10.0
L1,3.0,65.0,100.0,55.0,10.0
L1,3.0,65.2,100.0,55.0,10.0
L1,3.0,65.4,100.0,55.0,10.0
L1,3.0,65.6,100.0,55.0,10.0
L1,3.0,65.8,100.0,55.0,10.0
L1,3.0,66.0,100.0,55.0,10.0
L1,3.0,66.2,100.0,55.0,10.0
L1,3.0,66.4,100.0,55.0,10.0
L1,3.0,66.6,100.0,55.0,10.0
L1,3.0,66.8,100.0,55.0,10.0
L1,3.0,67.0,100.0,55.0,10.0
L1,3.0,67.2,100.0,55.0,10.0
L1,3.0,67.4,100.0,55.0,10.0
L1,3.0,67.6,100.0,55.0,10.0
L1,3.0,67.8,100.0,55.0,10.0
L1,3.0,68.0,100.0,55.0,10.0
L1,3.0,68.2,100.0,55.0,10.0
L1,3.0,68.4,100.0,55.0,10.0
L1,3.0,68.6,100.0,55.0,10.0
L1,3.0,68.8,100.0,55.0,10.0
L1,3.0,69.0,100.0,55.0,10.0
L1,3.0,69.2,100.0,55.0,10.0
L1,3.0,69.4,100.0,55.0,10.0
L1,3.0,69.6,100.0,55.0,10.0
L1,3.0,69.8,100.0,55.0,10.0
L1,3.0,70.0,100.0,55.0,10.0
L1,3.0,70.2,100.0,55.0,10.0
L1,3.0,70.4,100.0,55.0,10.0
L1,3.0,70.6,100.0,55.0,10.0
L1,3.0,70.8,100.0,55.0,10.0
L1,3.0,71.0,100.0,55.0,10.0
L1,3.0,71.2,100.0,55.0,10.0
L1,3.0,71.4,100.0,55.0,10.0
L1,3.0,71.6,100.0,55.0,10.0
L1,3.0,71.8,100.0,55.0,10.0
L1,3.0,72.0,100.0,55.0,10.0
L1,3.0,72.2,100.0,55.0,10.0
L1,3.0,72.4,100.0,55.0,10.0
L1,3.0,72.6,100.0,55.0,10.0
L1,3.0,72.8,100.0,55.0,10.0
L1,3.0,73.0,100.0,55.0,10.0
L1,3.0,73.2,100.0,55.0,10.0
L1,3.0,73.4,100.0,55.0,10.0
L1,3.0,73.6,100.0,55.0,10.0
L1,3.0,73.8,100.0,55.0,10.0
L1,3.0,74.0,100.0,55.0,10.0
L1,3.0,74.2,100.0,55.0,10.0
L1,3.0,74.4,100.0,55.0,10.0
L1,3.0,74.6,100.0,55.0,10.0
L1,3.0,74.8,100.0,55.0,10.0
L1,3.0,75.0,100.0,55.0,10.0
L1,3.0,75.2,100.0,55.0,10.0
L1,3.0,75.4,100.0,55.0,10.0
L1,3.0,75.6,100.0,55.0,10.0
L1,3.0,75.8,100.0,55.0,10.0
L1,3.0,76.0,100.0,55.0,10.0
L1,3.0,76.2,100.0,55.0,10.0
L1,3.0,76.4,100.0,55.0,10.0
L1,3.0,76.6,100.0,55.0,10.0
L1,3.0,76.8,100.0,55.0,10.0
L1,3.0,77.0,100.0,55.0,10.0
L1,3.0,77.2,100.0,55.0,10.0
L1,3.0,77.4,100.0,55.0,10.0
L1,3.0,77.6,100.0,55.0,10.0
L1,3.0,77.8,100.0,55.0,10.0
L1,3.0,78.0,100.0,55.0,10.0
L1,3.0,78.2,100.0,55.0,10.0
L1,3.0,78.4,100.0,55.0,10.0
L1,3.0,78.6,100.0,55.0,10.0
L1,3.0,78.8,100.0,55.0,10.0
L1,3.0,79.0,100.0,55.0,10.0
L1,3.0,79.2,100.0,55.0,10.0
L1,3.0,79.4,100.0,55.0,10.0
L1,3.0,79.6,100.0,55.0,10.0
L1,3.0,79.8,100.0,55.0,10.0
L1,3.0,80.0,100.0,55.0,10.0
L1,3.0,80.2,100.0,55.0,10.0
L1,3.0,80.4,100.0,55.0,10.0
L1,3.0,80.6,100.0,55.0,10.0
L1,3.0,80.8,100.0,55.0,10.0
L1,3.0,81.0,100.0,55.0,10.0
L1,3.0,81.2,100.0,55.0,10.0
L1,3.0,81.4,100.0,55.0,10.0
L1,3.0,81.6,100.0,55.0,10.0
L1,3.0,81.8,100.0,55.0,10.0
L1,3.0,82.0,100.0,55.0,10.0
L1,3.0,82.2,100.0,55.0,10.0
L1,3.0,82.4,100.0,55.0,10.0
L1,3.0,82.6,100.0,55.0,10.0
L1,3.0,82.8,100.0,55.0,10.0
L1,3.0,83.0,100.0,55.0,10.0
L1,3.0,83.2,100.0,55.0,10.0
L1,3.0,83.4,100.0,55.0,10.0
L1,3.0,83.6,100.0,55.0,10.0
L1,3.0,83.8,100.0,55.0,10.0
L1,3.0,84.0,100.0,55.0,10.0
L1,3.0,84.2,100.0,55.0,10.0
L1,3.0,84.4,100.0,55.0,10.0
L1,3.0,84.6,100.0,55.0,10.0
L1,3.0,84.8,100.0,55.0,10.0
L1,3.0,85.0,100.0,55.0,10.0
L1,3.0,85.2,100.0,55.0,10.0
L1,3.0,85.4,100.0,55.0,10.0
L1,3.0,85.6,100.0,55.0,10.0
L1,3.0,85.8,100.0,55.0,10.0
L1,3.0,86.0,100.0,55.0,10.0
L1,3.0,86.2,100.0,55.0,10.0
L1,3.0,86.4,100.0,55.0,10.0
L1,3.0,86.6,100.0,55.0,10.0
L1,3.0,86.8,100.0,55.0,10.0
L1,3.0,87.0,100.0,55.0,10.0
L1,3.0,87.2,100.0,55.0,10.0
L1,3.0,87.4,100.0,55.0,10.0
L1,3.0,87.6,100.0,55.0,10.0
L1,3.0,87.8,100.0,55.0,10.0
L1,3.0,88.0,100.0,55.0,10.0
L1,3.0,88.2,100.0,55.0,10.0
L1,3.0,88.4,100.0,55.0,10.0
L1,3.0,88.6,100.0,55.0,10.0
L1,3.0,88.8,100.0,55.0,10.0
L1,3.0,89.0,100.0,55.0,10.0
L1,3.0,89.2,100.0,55.0,10.0
L1,3.0,89.4,100.0,55.0,10.0
L1,3.0,89.6,100.0,55.0,10.0
L1,3.0,89.8,100.0,55.0,10.0
L1,3.0,90.0,100.0,55.0,10.0
L1,3.0,90.2,100.0,55.0,10.0
L1,3.0,90.4,100.0,55.0,10.0
L1,3.0,90.6,100.0,55.0,10.0
L1,3.0,90.8,100.0,55.0,10.0
L1,3.0,91.0,100.0,55.0,10.0
L1,3.0,91.2,100.0,55.0,10.0
L1,3.0,91.4,100.0,55.0,10.0
L1,3.0,91.6,100.0,55.0,10.0
L1,3.0,91.8,100.0,55.0,10.0
L1,3.0,92.0,100.0,55.0,10.0
L1,3.0,92.2,100.0,55.0,10.0
L1,3.0,92.4,100.0,55.0,10.0
L1,3.0,92.6,100.0,55.0,10.0
L1,3.0,92.8,100.0,55.0,10.0
L1,3.0,93.0,100.0,55.0,10.0
L1,3.0,93.2,100.0,55.0,10.0
L1,3.0,93.4,100.0,55.0,10.0
L1,3.0,93.6,100.0,55.0,10.0
L1,3.0,93.8,100.0,55.0,10.0
L1,3.0,94.0,100.0,55.0,10.0
L1,3.0,94.2,100.0,55.0,10.0
L1,3.0,94.4,100.0,55.0,10.0
L1,3.0,94.6,100.0,55.0,10.0
L1,3.0,94.8,100.0,55.0,10.0
L1,3.0,95.0,100.0,55.0,10.0
L1,3.0,95.2,100.0,55.0,10.0
L1,3.0,95.4,100.0,55.0,10.0
L1,3.0,95.6,100.0,55.0,10.0
L1,3.0,95.8,100.0,55.0,10.0
L1,3.0,96.0,100.0,55.0,10.0
L1,3.0,96.2,100.0,55.0,10.0
L1,3.0,96.4,100.0,55.0,10.0
L1,3.0,96.6,100.0,55.0,10.0
L1,3.0,96.8,100.0,55.0,10.0
L1,3.0,97.0,100.0,55.0,10.0
L1,3.0,97.2,100.0,55.0,10.0
L1,3.0,97.4,100.0,55.0,10.0
L1,3.0,97.6,100.0,55.0,10.0
L1,3.0,97.8,100.0,55.0,10.0
L1,3.0,98.0,100.0,55.0,10.0
L1,3.0,98.2,100.0,55.0,10.0
L1,3.0,98.4,100.0,55.0,10.0
L1,3.0,98.6,100.0,55.0,10.0
L1,3.0,98.8,100.0,55.0,10.0
L1,3.0,99.0,100.0,55.0,10.0
L1,3.0,99.2,100.0,55.0,10.0
L1,3.0,99.4,100.0,55.0,10.0
L1,3.0,99.6,100.0,55.0,10.0
L1,3.0,99.8,100.0,55.0,10.0
L1,3.0,100.0,100.0,55.0,10.0
L1,3.0,100.2,100.0,55.0,10.0
L1,3.0,100.4,100.0,55.0,10.0
L1,3.0,100.6,100.0,55.0,10.0
L1,3.0,100.8,100.0,55.0,10.0
L1,3.0,101.0,100.0,55.0,10.0
L1,3.0,101.2,100.0,55.0,10.0
L1,3.0,101.4,100.0,55.0,10.0
L1,3.0,101.6,100.0,55.0,10.0
L1,3.0,101.8,100.0,55.0,10.0
L1,3.0,102.0,100.0,55.0,10.0
L1,3.0,102.2,100.0,55.0,10.0
L1,3.0,102.4,100.0,55.0,10.0
L1,3.0,102.6,100.0,55.0,10.0
L1,3.0,102.8,100.0,55.0,10.0
L1,3.0,103.0,100.0,55.0,10.0
L1,3.0,103.2,100.0,55.0,10.0
L1,3.0,103.4,100.0,55.0,10.0
L1,3.0,103.6,100.0,55.0,10.0
L1,3.0,103.8,100.0,55.0,10.0
L1,3.0,104.0,100.0,55.0,10.0
L1,3.0,104.2,100.0,55.0,10.0
L1,3.0,104.4,100.0,55.0,10.0
L1,3.0,104.6,100.0,55.0,10.0
L1,3.0,104.8,100.0,55.0,10.0
L1,3.0,105.0,100.0,55.0,10.0
L1,3.0,105.2,100.0,55.0,10.0
L1,3.0,105.4,100.0,55.0,10.0
L1,3.0,105.6,100.0,55.0,10.0
L1,3.0,105.8,100.0,55.0,10.0
L1,3.0,106.0,100.0,55.0,10.0
L1,3.0,106.2,100.0,55.0,10.0
L1,3.0,106.4,100.0,55.0,10.0
L1,3.0,106.6,100.0,55.0,10.0
L1,3.0,106.8,100.0,55.0,10.0
L1,3.0,107.0,100.0,55.0,10.0
L1,3.0,107.2,100.0,55.0,10.0
L1,3.0,107.4,100.0,55.0,10.0
L1,3.0,107.6,100.0,55.0,10.0
L1,3.0,107.8,100.0,55.0,10.0
L1,3.0,108.0,100.0,55.0,10.0
L1,3.0,108.2,100.0,55.0,10.0
L1,3.0,108.4,100.0,55.0,10.0
L1,3.0,108.6,100.0,55.0,10.0
L1,3.0,108.8,100.0,55.0,10.0
L1,3.0,109.0,100.0,55.0,10.0
L1,3.0,109.2,100.0,55.0,10.0
L1,3.0,109.4,100.0,55.0,10.0
L1,3.0,109.6,100.0,55.0,10.0
L1,3.0,109.8,100.0,55.0,10.0
L1,3.0,110.0,100.0,55.0,10.0
L1,3.0,110.2,100.0,55.0,10.0
L1,3.0,110.4,100.0,55.0,10.0
L1,3.0,110.6,100.0,55.0,10.0
L1,3.0,110.8,100.0,55.0,10.0
L1,3.0,111.0,100.0,55.0,10.0
L1,3.0,111.2,100.0,55.0,10.0
L1,3.0,111.4,100.0,55.0,10.0
L1,3.0,111.6,100.0,55.0,10.0
L1,3.0,111.8,100.0,55.0,10.0
L1,3.0,112.0,100.0,55.0,10.0
L1,3.0,112.2,100.0,55.0,10.0
L1,3.0,112.4,100.0,55.0,10.0
L1,3.0,112.6,100.0,55.0,10.0
L1,3.0,112.8,100.0,55.0,10.0
L1,3.0,113.0,100.0,55.0,10.0
L1,3.0,113.2,100.0,55.0,10.0
L1,3.0,113.4,100.0,55.0,10.0
L1,3.0,113.6,100.0,55.0,10.0
L1,3.0,113.8,100.0,55.0,10.0
L1,3.0,114.0,100.0,55.0,10.0
L1,3.0,114.2,100.0,55.0,10.0
L1,3.0,114.4,100.0,55.0,10.0
L1,3.0,114.6,100.0,55.0,10.0
L1,3.0,114.8,100.0,55.0,10.0
L1,3.0,115.0,100.0,55.0,10.0
L1,3.0,115.2,100.0,55.0,10.0
L1,3.0,115.4,100.0,55.0,10.0
L1,3.0,115.6,100.0,55.0,10.0
L1,3.0,115.8,100.0,55.0,10.0
L1,3.0,116.0,100.0,55.0,10.0
L1,3.0,116.2,100.0,55.0,10.0
L1,3.0,116.4,100.0,55.0,10.0
L1,3.0,116.6,100.0,55.0,10.0
L1,3.0,116.8,100.0,55.0,10.0
L1,3.0,117.0,100.0,55.0,10.0
L1,3.0,117.2,100.0,55.0,10.0
L1,3.0,117.4,100.0,55.0,10.0
L1,3.0,117.6,100.0,55.0,10.0
L1,3.0,117.8,100.0,55.0,10.0
L1,3.0,118.0,100.0,55.0,10.0
L1,3.0,118.2,100.0,55.0,10.0
L1,3.0,118.4,100.0,55.0,10.0
L1,3.0,118.6,100.0,55.0,10.0
L1,3.0,118.8,100.0,55.0,10.0
L1,3.0,119.0,100.0,55.0,10.0
L1,3.0,119.2,100.0,55.0,10.0
L1,3.0,119.4,100.0,55.0,10.0
L1,3.0,119.6,100.0,55.0,10.0
L1,3.0,119.8,100.0,55.0,10.0
L1,3.0,120.0,100.0,55.0,10.0
L1,3.0,120.2,100.0,55.0,10.0
L1,3.0,120.4,100.0,55.0,10.0
L1,3.0,120.6,100.0,55.0,10.0
L1,3.0,120.8,100.0,55.0,10.0
L1,3.0,121.0,100.0,55.0,10.0
L1,3.0,121.2,100.0,55.0,10.0
L1,3.0,121.4,100.0,55.0,10.0
L1,3.0,121.6,100.0,55.0,10.0
L1,3.0,121.8,100.0,55.0,10.0
L1,3.0,122.0,100.0,55.0,10.0
L1,3.0,122.2,100.0,55.0,10.0
L1,3.0,122.4,100.0,55.0,10.0
L1,3.0,122.6,100.0,55.0,10.0
L1,3.0,122.8,100.0,55.0,10.0
L1,3.0,123.0,100.0,55.0,10.0
L1,3.0,123.2,100.0,55.0,10.0
L1,3.0,123.4,100.0,55.0,10.0
L1,3.0,123.6,100.0,55.0,10.0
L1,3.0,123.8,100.0,55.0,10.0
L1,3.0,124.0,100.0,55.0,10.0
L1,3.0,124.2,100.0,55.0,10.0
L1,3.0,124.4,100.0,55.0,10.0
L1,3.0,124.6,100.0,55.0,10.0
L1,3.0,124.8,100.0,55.0,10.0
L1,3.0,125.0,100.0,55.0,10.0
L1,3.0,125.2,100.0,55.0,10.0
L1,3.0,125.4,100.0,55.0,10.0
L1,3.0,125.6,100.0,55.0,10.0
L1,3.0,125.8,100.0,55.0,10.0
L1,3.0,126.0,100.0,55.0,10.0
L1,3.0,126.2,100.0,55.0,10.0
L1,3.0,126.4,100.0,55.0,10.0
L1,3.0,126.6,100.0,55.0,10.0
L1,3.0,126.8,100.0,55.0,10.0
L1,3.0,127.0,100.0,55.0,10.0
L1,3.0,127.2,100.0,55.0,10.0
L1,3.0,127.4,100.0,55.0,10.0
L1,3.0,127.6,100.0,55.0,10.0
L1,3.0,127.8,100.0,55.0,10.0
L1,3.0,128.0,100.0,55.0,10.0
L1,3.0,128.2,100.0,55.0,10.0
L1,3.0,128.4,100.0,55.0,10.0
L1,3.0,128.6,100.0,55.0,10.0
L1,3.0,128.8,100.0,55.0,10.0
L1,3.0,129.0,100.0,55.0,10.0
L1,3.0,129.2,100.0,55.0,10.0
L1,3.0,129.4,100.0,55.0,10.0
L1,3.0,129.6,100.0,55.0,10.0
L1,3.0,129.8,100.0,55.0,10.0
L1,3.0,130.0,100.0,55.0,10.0
L1,3.0,130.2,100.0,55.0,10.0
L1,3.0,130.4,100.0,55.0,10.0
L1,3.0,130.6,100.0,55.0,10.0
L1,3.0,130.8,100.0,55.0,10.0
L1,3.0,131.0,100.0,55.0,10.0
L1,3.0,131.2,100.0,55.0,10.0
L1,3.0,131.4,100.0,55.0,10.0
L1,3.0,131.6,100.0,55.0,10.0
L1,3.0,131.8,100.0,55.0,10.0
L1,3.0,132.0,100.0,55.0,10.0
L1,3.0,132.2,100.0,55.0,10.0
L1,3.0,132.4,100.0,55.0,10.0
L1,3.0,132.6,100.0,55.0,10.0
L1,3.0,132.8,100.0,55.0,10.0
L1,3.0,133.0,100.0,55.0,10.0
L1,3.0,133.2,100.0,55.0,10.0
L1,3.0,133.4,100.0,55.0,10.0
L1,3.0,133.6,100.0,55.0,10.0
L1,3.0,133.8,100.0,55.0,10.0
L1,3.0,134.0,100.0,55.0,10.0
L1,3.0,134.2,100.0,55.0,10.0
L1,3.0,134.4,100.0,55.0,10.0
L1,3.0,134.6,100.0,55.0,10.0
L1,3.0,134.8,100.0,55.0,10.0
L1,3.0,135.0,100.0,55.0,10.0
L1,3.0,135.2,100.0,55.0,10.0
L1,3.0,135.4,100.0,55.0,10.0
L1,3.0,135.6,100.0,55.0,10.0
L1,3.0,135.8,100.0,55.0,10.0
L1,3.0,136.0,100.0,55.0,10.0
L1,3.0,136.2,100.0,55.0,10.0
L1,3.0,136.4,100.0,55.0,10.0
L1,3.0,136.6,100.0,55.0,10.0
L1,3.0,136.8,100.0,55.0,10.0
L1,3.0,137.0,100.0,55.0,10.0
L1,3.0,137.2,100.0,55.0,10.0
L1,3.0,137.4,100.0,55.0,10.0
L1,3.0,137.6,100.0,55.0,10.0
L1,3.0,137.8,100.0,55.0,10.0
L1,3.0,138.0,100.0,55.0,10.0
L1,3.0,138.2,100.0,55.0,10.0
L1,3.0,138.4,100.0,55.0,10.0
L1,3.0,138.6,100.0,55.0,10.0
L1,3.0,138.8,100.0,55.0,10.0
L1,3.0,139.0,100.0,55.0,10.0
L1,3.0,139.2,100.0,55.0,10.0
L1,3.0,139.4,100.0,55.0,10.0
L1,3.0,139.6,100.0,55.0,10.0
L1,3.0,139.8,100.0,55.0,10.0
L1,3.0,140.0,100.0,55.0,10.0
L1,3.0,140.2,100.0,55.0,10.0
L1,3.0,140.4,100.0,55.0,10.0
L1,3.0,140.6,100.0,55.0,10.0
L1,3.0,140.8,100.0,55.0,10.0
L1,3.0,141.0,100.0,55.0,10.0
L1,3.0,141.2,100.0,55.0,10.0
L1,3.0,141.4,100.0,55.0,10.0
L1,3.0,141.6,100.0,55.0,10.0
L1,3.0,141.8,100.0,55.0,10.0
L1,3.0,142.0,100.0,55.0,10.0
L1,3.0,142.2,100.0,55.0,10.0
L1,3.0,142.4,100.0,55.0,10.0
L1,3.0,142.6,100.0,55.0,10.0
L1,3.0,142.8,100.0,55.0,10.0
L1,3.0,143.0,100.0,55.0,10.0
L1,3.0,143.2,100.0,55.0,10.0
L1,3.0,143.4,100.0,55.0,10.0
L1,3.0,143.6,100.0,55.0,10.0
L1,3.0,143.8,100.0,55.0,10.0
L1,3.0,144.0,100.0,55.0,10.0
L1,3.0,144.2,100.0,55.0,10.0
L1,3.0,144.4,100.0,55.0,10.0
L1,3.0,144.6,100.0,55.0,10.0
L1,3.0,144.8,100.0,55.0,10.0
L1,3.0,145.0,100.0,55.0,10.0
L1,3.0,145.2,100.0,55.0,10.0
L1,3.0,145.4,100.0,55.0,10.0
L1,3.0,145.6,100.0,55.0,10.0
L1,3.0,145.8,100.0,55.0,10.0
L1,3.0,146.0,100.0,55.0,10.0
L1,3.0,146.2,100.0,55.0,10.0
L1,3.0,146.4,100.0,55.0,10.0
L1,3.0,146.6,100.0,55.0,10.0
L1,3.0,146.8,100.0,55.0,10.0
L1,3.0,147.0,100.0,55.0,10.0
L1,3.0,147.2,100.0,55.0,10.0
L1,3.0,147.4,100.0,55.0,10.0
L1,3.0,147.6,100.0,55.0,10.0
L1,3.0,147.8,100.0,55.0,10.0
L1,3.0,148.0,100.0,55.0,10.0
L1,3.0,148.2,100.0,55.0,10.0
L1,3.0,148.4,100.0,55.0,10.0
L1,3.0,148.6,100.0,55.0,10.0
L1,3.0,148.8,100.0,55.0,10.0
L1,3.0,149.0,100.0,55.0,10.0
L1,3.0,149.2,100.0,55.0,10.0
L1,3.0,149.4,100.0,55.0,10.0
L1,3.0,149.6,100.0,55.0,10.0
L1,3.0,149.8,100.0,55.0,10.0
L1,3.0,150.0,100.0,55.0,10.0
L1,3.0,150.2,100.0,55.0,10.0
L1,3.0,150.4,100.0,55.0,10.0
L1,3.0,150.6,100.0,55.0,10.0
L1,3.0,150.8,100.0,55.0,10.0
L1,3.0,151.0,100.0,55.0,10.0
L1,3.0,151.2,100.0,55.0,10.0
L1,3.0,151.4,100.0,55.0,10.0
L1,3.0,151.6,100.0,55.0,10.0
L1,3.0,151.8,100.0,55.0,10.0
L1,3.0,152.0,100.0,55.0,10.0
L1,3.0,152.2,100.0,55.0,10.0
L1,3.0,152.4,100.0,55.0,10.0
L1,3.0,152.6,100.0,55.0,10.0
L1,3.0,152.8,100.0,55.0,10.0
L1,3.0,153.0,100.0,55.0,10.0
L1,3.0,153.2,100.0,55.0,10.0
L1,3.0,153.4,100.0,55.0,10.0
L1,3.0,153.6,100.0,55.0,10.0
L1,3.0,153.8,100.0,55.0,10.0
L1,3.0,154.0,100.0,55.0,10.0
L1,3.0,154.2,100.0,55.0,10.0
L1,3.0,154.4,100.0,55.0,10.0
L1,3.0,154.6,100.0,55.0,10.0
L1,3.0,154.8,100.0,55.0,10.0
L1,3.0,155.0,100.0,55.0,10.0
L1,3.0,155.2,100.0,55.0,10.0
L1,3.0,155.4,100.0,55.0,10.0
L1,3.0,155.6,100.0,55.0,10.0
L1,3.0,155.8,100.0,55.0,10.0
L1,3.0,156.0,100.0,55.0,10.0
L1,3.0,156.2,100.0,55.0,10.0
L1,3.0,156.4,100.0,55.0,10.0
L1,3.0,156.6,100.0,55.0,10.0
L1,3.0,156.8,100.0,55.0,10.0
L1,3.0,157.0,100.0,55.0,10.0
L1,3.0,157.2,100.0,55.0,10.0
L1,3.0,157.4,100.0,55.0,10.0
L1,3.0,157.6,100.0,55.0,10.0
L1,3.0,157.8,100.0,55.0,10.0
L1,3.0,158.0,100.0,55.0,10.0
L1,3.0,158.2,100.0,55.0,10.0
L1,3.0,158.4,100.0,55.0,10.0
L1,3.0,158.6,100.0,55.0,10.0
L1,3.0,158.8,100.0,55.0,10.0
L1,3.0,159.0,100.0,55.0,10.0
L1,3.0,159.2,100.0,55.0,10.0
L1,3.0,159.4,100.0,55.0,10.0
L1,3.0,159.6,100.0,55.0,10.0
L1,3.0,159.8,100.0,55.0,10.0
L1,3.0,160.0,100.0,55.0,10.0
L1,3.0,160.2,100.0,55.0,10.0
L1,3.0,160.4,100.0,55.0,10.0
L1,3.0,160.6,100.0,55.0,10.0
L1,3.0,160.8,100.0,55.0,10.0
L1,3.0,161.0,100.0,55.0,10.0
L1,3.0,161.2,100.0,55.0,10.0
L1,3.0,161.4,100.0,55.0,10.0
L1,3.0,161.6,100.0,55.0,10.0
L1,3.0,161.8,100.0,55.0,10.0
L1,3.0,162.0,100.0,55.0,10.0
L1,3.0,162.2,100.0,55.0,10.0
L1,3.0,162.4,100.0,55.0,10.0
L1,3.0,162.6,100.0,55.0,10.0
L1,3.0,162.8,100.0,55.0,10.0
L1,3.0,163.0,100.0,55.0,10.0
L1,3.0,163.2,100.0,55.0,10.0
L1,3.0,163.4,100.0,55.0,10.0
L1,3.0,163.6,100.0,55.0,10.0
L1,3.0,163.8,100.0,55.0,10.0
L1,3.0,164.0,100.0,55.0,10.0
L1,3.0,164.2,100.0,55.0,10.0
L1,3.0,164.4,100.0,55.0,10.0
L1,3.0,164.6,100.0,55.0,10.0
L1,3.0,164.8,100.0,55.0,10.0
L1,3.0,165.0,100.0,55.0,10.0
L1,3.0,165.2,100.0,55.0,10.0
L1,3.0,165.4,100.0,55.0,10.0
L1,3.0,165.6,100.0,55.0,10.0
L1,3.0,165.8,100.0,55.0,10.0
L1,3.0,166.0,100.0,55.0,10.0
L1,3.0,166.2,100.0,55.0,10.0
L1,3.0,166.4,100.0,55.0,10.0
L1,3.0,166.6,100.0,55.0,10.0
L1,3.0,166.8,100.0,55.0,10.0
L1,3.0,167.0,100.0,55.0,10.0
L1,3.0,167.2,100.0,55.0,10.0
L1,3.0,167.4,100.0,55.0,10.0
L1,3.0,167.6,100.0,55.0,10.0
L1,3.0,167.8,100.0,55.0,10.0
L1,3.0,168.0,100.0,55.0,10.0
L1,3.0,168.2,100.0,55.0,10.0
L1,3.0,168.4,100.0,55.0,10.0
L1,3.0,168.6,100.0,55.0,10.0
L1,3.0,168.8,100.0,55.0,10.0
L1,3.0,169.0,100.0,55.0,10.0
L1,3.0,169.2,100.0,55.0,10.0
L1,3.0,169.4,100.0,55.0,10.0
L1,3.0,169.6,100.0,55.0,10.0
L1,3.0,169.8,100.0,55.0,10.0
L1,3.0,170.0,100.0,55.0,10.0
L1,3.0,170.2,100.0,55.0,10.0
L1,3.0,170.4,100.0,55.0,10.0
L1,3.0,170.6,100.0,55.0,10.0
L1,3.0,170.8,100.0,55.0,10.0
L1,3.0,171.0,100.0,55.0,10.0
L1,3.0,171.2,100.0,55.0,10.0
L1,3.0,171.4,100.0,55.0,10.0
L1,3.0,171.6,100.0,55.0,10.0
L1,3.0,171.8,100.0,55.0,10.0
L1,3.0,172.0,100.0,55.0,10.0
L1,3.0,172.2,100.0,55.0,10.0
L1,3.0,172.4,100.0,55.0,10.0
L1,3.0,172.6,100.0,55.0,10.0
L1,3.0,172.8,100.0,55.0,10.0
L1,3.0,173.0,100.0,55.0,10.0
L1,3.0,173.2,100.0,55.0,10.0
L1,3.0,173.4,100.0,55.0,10.0
L1,3.0,173.6,100.0,55.0,10.0
L1,3.0,173.8,100.0,55.0,10.0
L1,3.0,174.0,100.0,55.0,10.0
L1,3.0,174.2,100.0,55.0,10.0
L1,3.0,174.4,100.0,55.0,10.0
L1,3.0,174.6,100.0,55.0,10.0
L1,3.0,174.8,100.0,55.0,10.0
L1,3.0,175.0,100.0,55.0,10.0
L1,3.0,175.2,100.0,55.0,10.0
L1,3.0,175.4,100.0,55.0,10.0
L1,3.0,175.6,100.0,55.0,10.0
L1,3.0,175.8,100.0,55.0,10.0
L1,3.0,176.0,100.0,55.0,10.0
L1,3.0,176.2,100.0,55.0,10.0
L1,3.0,176.4,100.0,55.0,10.0
L1,3.0,176.6,100.0,55.0,10.0
L1,3.0,176.8,100.0,55.0,10.0
L1,3.0,177.0,100.0,55.0,10.0
L1,3.0,177.2,100.0,55.0,10.0
L1,3.0,177.4,100.0,55.0,10.0
L1,3.0,177.6,100.0,55.0,10.0
L1,3.0,177.8,100.0,55.0,10.0
L1,3.0,178.0,100.0,55.0,10.0
L1,3.0,178.2,100.0,55.0,10.0
L1,3.0,178.4,100.0,55.0,10.0
L1,3.0,178.6,100.0,55.0,10.0
L1,3.0,178.8,100.0,55.0,10.0
L1,3.0,179.0,100.0,55.0,10.0
L1,3.0,179.2,100.0,55.0,10.0
L1,3.0,179.4,100.0,55.0,10.0
L1,3.0,179.6,100.0,55.0,10.0
L1,3.0,179.8,100.0,55.0,10.0
L1,3.0,180.0,100.0,55.0,10.0
L1,3.0,180.2,100.0,55.0,10.0
L1,3.0,180.4,100.0,55.0,10.0
L1,3.0,180.6,100.0,55.0,10.0
L1,3.0,180.8,100.0,55.0,10.0
L1,3.0,181.0,100.0,55.0,10.0
L1,3.0,181.2,100.0,55.0,10.0
L1,3.0,181.4,100.0,55.0,10.0
L1,3.0,181.6,100.0,55.0,10.0
L1,3.0,181.8,100.0,55.0,10.0
L1,3.0,182.0,100.0,55.0,10.0
L1,3.0,182.2,100.0,55.0,10.0
L1,3.0,182.4,100.0,55.0,10.0
L1,3.0,182.6,100.0,55.0,10.0
L1,3.0,182.8,100.0,55.0,10.0
L1,3.0,183.0,100.0,55.0,10.0
L1,3.0,183.2,100.0,55.0,10.0
L1,3.0,183.4,100.0,55.0,10.0
L1,3.0,183.6,100.0,55.0,10.0
L1,3.0,183.8,100.0,55.0,10.0
L1,3.0,184.0,100.0,55.0,10.0
L1,3.0,184.2,100.0,55.0,10.0
L1,3.0,184.4,100.0,55.0,10.0
L1,3.0,184.6,100.0,55.0,10.0
L1,3.0,184.8,100.0,55.0,10.0
L1,3.0,185.0,100.0,55.0,10.0
L1,3.0,185.2,100.0,55.0,10.0
L1,3.0,185.4,100.0,55.0,10.0
L1,3.0,185.6,100.0,55.0,10.0
L1,3.0,185.8,100.0,55.0,10.0
L1,3.0,186.0,100.0,55.0,10.0
L1,3.0,186.2,100.0,55.0,10.0
L1,3.0,186.4,100.0,55.0,10.0
L1,3.0,186.6,100.0,55.0,10.0
L1,3.0,186.8,100.0,55.0,10.0
L1,3.0,187.0,100.0,55.0,10.0
L1,3.0,187.2,100.0,55.0,10.0
L1,3.0,187.4,100.0,55.0,10.0
L1,3.0,187.6,100.0,55.0,10.0
L1,3.0,187.8,100.0,55.0,10.0
L1,3.0,188.0,100.0,55.0,10.0
L1,3.0,188.2,100.0,55.0,10.0
L1,3.0,188.4,100.0,55.0,10.0
L1,3.0,188.6,100.0,55.0,10.0
L1,3.0,188.8,100.0,55.0,10.0
L1,3.0,189.0,100.0,55.0,10.0
L1,3.0,189.2,100.0,55.0,10.0
L1,3.0,189.4,100.0,55.0,10.0
L1,3.0,189.6,100.0,55.0,10.0
L1,3.0,189.8,100.0,55.0,10.0
L1,3.0,190.0,100.0,55.0,10.0
L1,3.0,190.2,100.0,55.0,10.0
L1,3.0,190.4,100.0,55.0,10.0
L1,3.0,190.6,100.0,55.0,10.0
L1,3.0,190.8,100.0,55.0,10.0
L1,3.0,191.0,100.0,55.0,10.0
L1,3.0,191.2,100.0,55.0,10.0
L1,3.0,191.4,100.0,55.0,10.0
L1,3.0,191.6,100.0,55.0,10.0
L1,3.0,191.8,100.0,55.0,10.0
L1,3.0,192.0,100.0,55.0,10.0
L1,3.0,192.2,100.0,55.0,10.0
L1,3.0,192.4,100.0,55.0,10.0
L1,3.0,192.6,100.0,55.0,10.0
L1,3.0,192.8,100.0,55.0,10.0
L1,3.0,193.0,100.0,55.0,10.0
L1,3.0,193.2,100.0,55.0,10.0
L1,3.0,193.4,100.0,55.0,10.0
L1,3.0,193.6,100.0,55.0,10.0
L1,3.0,193.8,100.0,55.0,10.0
L1,3.0,194.0,100.0,55.0,10.0
L1,3.0,194.2,100.0,55.0,10.0
L1,3.0,194.4,100.0,55.0,10.0
L1,3.0,194.6,100.0,55.0,10.0
L1,3.0,194.8,100.0,55.0,10.0
L1,3.0,195.0,100.0,55.0,10.0
L1,3.0,195.2,100.0,55.0,10.0
L1,3.0,195.4,100.0,55.0,10.0
L1,3.0,195.6,100.0,55.0,10.0
L1,3.0,195.8,100.0,55.0,10.0
L1,3.0,196.0,100.0,55.0,10.0
L1,3.0,196.2,100.0,55.0,10.0
L1,3.0,196.4,100.0,55.0,10.0
L1,3.0,196.6,100.0,55.0,10.0
L1,3.0,196.8,100.0,55.0,10.0
L1,3.0,197.0,100.0,55.0,10.0
L1,3.0,197.2,100.0,55.0,10.0
L1,3.0,197.4,100.0,55.0,10.0
L1,3.0,197.6,100.0,55.0,10.0
L1,3.0,197.8,100.0,55.0,10.0
L1,3.0,198.0,100.0,55.0,10.0
L1,3.0,198.2,100.0,55.0,10.0
L1,3.0,198.4,100.0,55.0,10.0
L1,3.0,198.6,100.0,55.0,10.0
L1,3.0,198.8,100.0,55.0,10.0
L1,3.0,199.0,100.0,55.0,10.0
L1,3.0,199.2,100.0,55.0,10.0
L1,3.0,199.4,100.0,55.0,10.0
L1,3.0,199.6,100.0,55.0,10.0
L1,3.0,199.8,100.0,55.0,10.0
L1,3.0,200.0,100.0,55.0,10.0
L1,3.0,200.2,100.0,55.0,10.0
L1,3.0,200.4,100.0,55.0,10.0
L1,3.0,200.6,100.0,55.0,10.0
L1,3.0,200.8,100.0,55.0,10.0
L1,3.0,201.0,100.0,55.0,10.0
L1,3.0,201.2,100.0,55.0,10.0
L1,3.0,201.4,100.0,55.0,10.0
L1,3.0,201.6,100.0,55.0,10.0
L1,3.0,201.8,100.0,55.0,10.0
L1,3.0,202.0,100.0,55.0,10.0
L1,3.0,202.2,100.0,55.0,10.0
L1,3.0,202.4,100.0,55.0,10.0
L1,3.0,202.6,100.0,55.0,10.0
L1,3.0,202.8,100.0,55.0,10.0
L1,3.0,203.0,100.0,55.0,10.0
L1,3.0,203.2,100.0,55.0,10.0
L1,3.0,203.4,100.0,55.0,10.0
L1,3.0,203.6,100.0,55.0,10.0
L1,3.0,203.8,100.0,55.0,10.0
L1,3.0,204.0,100.0,55.0,10.0
L1,3.0,204.2,100.0,55.0,10.0
L1,3.0,204.4,100.0,55.0,10.0
L1,3.0,204.6,100.0,55.0,10.0
L1,3.0,204.8,100.0,55.0,10.0
L1,3.0,205.0,100.0,55.0,10.0
L1,3.0,205.2,100.0,55.0,10.0
L1,3.0,205.4,100.0,55.0,10.0
L1,3.0,205.6,100.0,55.0,10.0
L1,3.0,205.8,100.0,55.0,10.0
L1,3.0,206.0,100.0,55.0,10.0
L1,3.0,206.2,100.0,55.0,10.0
L1,3.0,206.4,100.0,55.0,10.0
L1,3.0,206.6,100.0,55.0,10.0
L1,3.0,206.8,100.0,55.0,10.0
L1,3.0,207.0,100.0,55.0,10.0
L1,3.0,207.2,100.0,55.0,10.0
L1,3.0,207.4,100.0,55.0,10.0
L1,3.0,207.6,100.0,55.0,10.0
L1,3.0,207.8,100.0,55.0,10.0
L1,3.0,208.0,100.0,55.0,10.0
L1,3.0,208.2,100.0,55.0,10.0
L1,3.0,208.4,100.0,55.0,10.0
L1,3.0,208.6,100.0,55.0,10.0
L1,3.0,208.8,100.0,55.0,10.0
L1,3.0,209.0,100.0,55.0,10.0
L1,3.0,209.2,100.0,55.0,10.0
L1,3.0,209.4,100.0,55.0,10.0
L1,3.0,209.6,100.0,55.0,10.0
L1,3.0,209.8,100.0,55.0,10.0
L1,3.0,210.0,100.0,55.0,10.0
L1,3.0,210.2,100.0,55.0,10.0
L1,3.0,210.4,100.0,55.0,10.0
L1,3.0,210.6,100.0,55.0,10.0
L1,3.0,210.8,100.0,55.0,10.0
L1,3.0,211.0,100.0,55.0,10.0
L1,3.0,211.2,100.0,55.0,10.0
L1,3.0,211.4,100.0,55.0,10.0
L1,3.0,211.6,100.0,55.0,10.0
L1,3.0,211.8,100.0,55.0,10.0
L1,3.0,212.0,100.0,55.0,10.0
L1,3.0,212.2,100.0,55.0,10.0
L1,3.0,212.4,100.0,55.0,10.0
L1,3.0,212.6,100.0,55.0,10.0
L1,3.0,212.8,100.0,55.0,10.0
L1,3.0,213.0,100.0,55.0,10.0
L1,3.0,213.2,100.0,55.0,10.0
L1,3.0,213.4,100.0,55.0,10.0
L1,3.0,213.6,100.0,55.0,10.0
L1,3.0,213.8,100.0,55.0,10.0
L1,3.0,214.0,100.0,55.0,10.0
L1,3.0,214.2,100.0,55.0,10.0
L1,3.0,214.4,100.0,55.0,10.0
L1,3.0,214.6,100.0,55.0,10.0
L1,3.0,214.8,100.0,55.0,10.0
L1,3.0,215.0,100.0,55.0,10.0
L1,3.0,215.2,100.0,55.0,10.0
L1,3.0,215.4,100.0,55.0,10.0
L1,3.0,215.6,100.0,55.0,10.0
L1,3.0,215.8,100.0,55.0,10.0
L1,3.0,216.0,100.0,55.0,10.0
L1,3.0,216.2,100.0,55.0,10.0
L1,3.0,216.4,100.0,55.0,10.0
L1,3.0,216.6,100.0,55.0,10.0
L1,3.0,216.8,100.0,55.0,10.0
L1,3.0,217.0,100.0,55.0,10.0
L1,3.0,217.2,100.0,55.0,10.0
L1,3.0,217.4,100.0,55.0,10.0
L1,3.0,217.6,100.0,55.0,10.0
L1,3.0,217.8,100.0,55.0,10.0
L1,3.0,218.0,100.0,55.0,10.0
L1,3.0,218.2,100.0,55.0,10.0
L1,3.0,218.4,100.0,55.0,10.0
L1,3.0,218.6,100.0,55.0,10.0
L1,3.0,218.8,100.0,55.0,10.0
L1,3.0,219.0,100.0,55.0,10.0
L1,3.0,219.2,100.0,55.0,10.0
L1,3.0,219.4,100.0,55.0,10.0
L1,3.0,219.6,100.0,55.0,10.0
L1,3.0,219.8,100.0,55.0,10.0
L1,3.0,220.0,100.0,55.0,10.0
L1,3.0,220.2,100.0,55.0,10.0
L1,3.0,220.4,100.0,55.0,10.0
L1,3.0,220.6,100.0,55.0,10.0
L1,3.0,220.8,100.0,55.0,10.0
L1,3.0,221.0,100.0,55.0,10.0
L1,3.0,221.2,100.0,55.0,10.0
L1,3.0,221.4,100.0,55.0,10.0
L1,3.0,221.6,100.0,55.0,10.0
L1,3.0,221.8,100.0,55.0,10.0
L1,3.0,222.0,100.0,55.0,10.0
L1,3.0,222.2,100.0,55.0,10.0
L1,3.0,222.4,100.0,55.0,10.0
L1,3.0,222.6,100.0,55.0,10.0
L1,3.0,222.8,100.0,55.0,10.0
L1,3.0,223.0,100.0,55.0,10.0
L1,3.0,223.2,100.0,55.0,10.0
L1,3.0,223.4,100.0,55.0,10.0
L1,3.0,223.6,100.0,55.0,10.0
L1,3.0,223.8,100.0,55.0,10.0
L1,3.0,224.0,100.0,55.0,10.0
L1,3.0,224.2,100.0,55.0,10.0
L1,3.0,224.4,100.0,55.0,10.0
L1,3.0,224.6,100.0,55.0,10.0
L1,3.0,224.8,100.0,55.0,10.0
L1,3.0,225.0,100.0,55.0,10.0
L1,3.0,225.2,100.0,55.0,10.0
L1,3.0,225.4,100.0,55.0,10.0
L1,3.0,225.6,100.0,55.0,10.0
L1,3.0,225.8,100.0,55.0,10.0
L1,3.0,226.0,100.0,55.0,10.0
L1,3.0,226.2,100.0,55.0,10.0
L1,3.0,226.4,100.0,55.0,10.0
L1,3.0,226.6,100.0,55.0,10.0
L1,3.0,226.8,100.0,55.0,10.0
L1,3.0,227.0,100.0,55.0,10.0
L1,3.0,227.2,100.0,55.0,10.0
L1,3.0,227.4,100.0,55.0,10.0
L1,3.0,227.6,100.0,55.0,10.0
L1,3.0,227.8,100.0,55.0,10.0
L1,3.0,228.0,100.0,55.0,10.0
L1,3.0,228.2,100.0,55.0,10.0
L1,3.0,228.4,100.0,55.0,10.0
L1,3.0,228.6,100.0,55.0,10.0
L1,3.0,228.8,100.0,55.0,10.0
L1,3.0,229.0,100.0,55.0,10.0
L1,3.0,229.2,100.0,55.0,10.0
L1,3.0,229.4,100.0,55.0,10.0
L1,3.0,229.6,100.0,55.0,10.0
L1,3.0,229.8,100.0,55.0,10.0
L1,3.0,230.0,100.0,55.0,10.0
L1,3.0,230.2,100.0,55.0,10.0
L1,3.0,230.4,100.0,55.0,10.0
L1,3.0,230.6,100.0,55.0,10.0
L1,3.0,230.8,100.0,55.0,10.0
L1,3.0,231.0,100.0,55.0,10.0
L1,3.0,231.2,100.0,55.0,10.0
L1,3.0,231.4,100.0,55.0,10.0
L1,3.0,231.6,100.0,55.0,10.0
L1,3.0,231.8,100.0,55.0,10.0
L1,3.0,232.0,100.0,55.0,10.0
L1,3.0,232.2,100.0,55.0,10.0
L1,3.0,232.4,100.0,55.0,10.0
L1,3.0,232.6,100.0,55.0,10.0
L1,3.0,232.8,100.0,55.0,10.0
L1,3.0,233.0,100.0,55.0,10.0
L1,3.0,233.2,100.0,55.0,10.0
L1,3.0,233.4,100.0,55.0,10.0
L1,3.0,233.6,100.0,55.0,10.0
L1,3.0,233.8,100.0,55.0,10.0
L1,3.0,234.0,100.0,55.0,10.0
L1,3.0,234.2,100.0,55.0,10.0
L1,3.0,234.4,100.0,55.0,10.0
L1,3.0,234.6,100.0,55.0,10.0
L1,3.0,234.8,100.0,55.0,10.0
L1,3.0,235.0,100.0,55.0,10.0
L1,3.0,235.2,100.0,55.0,10.0
L1,3.0,235.4,100.0,55.0,10.0
L1,3.0,235.6,100.0,55.0,10.0
L1,3.0,235.8,100.0,55.0,10.0
L1,3.0,236.0,100.0,55.0,10.0
L1,3.0,236.2,100.0,55.0,10.0
L1,3.0,236.4,100.0,55.0,10.0
L1,3.0,236.6,100.0,55.0,10.0
L1,3.0,236.8,100.0,55.0,10.0
L1,3.0,237.0,100.0,55.0,10.0
L1,3.0,237.2,100.0,55.0,10.0
L1,3.0,237.4,100.0,55.0,10.0
L1,3.0,237.6,100.0,55.0,10.0
L1,3.0,237.8,100.0,55.0,10.0
L1,3.0,238.0,100.0,55.0,10.0
L1,3.0,238.2,100.0,55.0,10.0
L1,3.0,238.4,100.0,55.0,10.0
L1,3.0,238.6,100.0,55.0,10.0
L1,3.0,238.8,100.0,55.0,10.0
L1,3.0,239.0,100.0,55.0,10.0
L1,3.0,239.2,100.0,55.0,10.0
L1,3.0,239.4,100.0,55.0,10.0
L1,3.0,239.6,100.0,55.0,10.0
L1,3.0,239.8,100.0,55.0,10.0
L1,3.0,240.0,100.0,55.0,10.0
L1,3.0,240.2,100.0,55.0,10.0
L1,3.0,240.4,100.0,55.0,10.0
L1,3.0,240.6,100.0,55.0,10.0
L1,3.0,240.8,100.0,55.0,10.0
L1,3.0,241.0,100.0,55.0,10.0
L1,3.0,241.2,100.0,55.0,10.0
L1,3.0,241.4,100.0,55.0,10.0
L1,3.0,241.6,100.0,55.0,10.0
L1,3.0,241.8,100.0,55.0,10.0
L1,3.0,242.0,100.0,55.0,10.0
L1,3.0,242.2,100.0,55.0,10.0
L1,3.0,242.4,100.0,55.0,10.0
L1,3.0,242.6,100.0,55.0,10.0
L1,3.0,242.8,100.0,55.0,10.0
L1,3.0,243.0,100.0,55.0,10.0
L1,3.0,243.2,100.0,55.0,10.0
L1,3.0,243.4,100.0,55.0,10.0
L1,3.0,243.6,100.0,55.0,10.0
L1,3.0,243.8,100.0,55.0,10.0
L1,3.0,244.0,100.0,55.0,10.0
L1,3.0,244.2,100.0,55.0,10.0
L1,3.0,244.4,100.0,55.0,10.0
L1,3.0,244.6,100.0,55.0,10.0
L1,3.0,244.8,100.0,55.0,10.0
L1,3.0,245.0,100.0,55.0,10.0
L1,3.0,245.2,100.0,55.0,10.0
L1,3.0,245.4,100.0,55.0,10.0
L1,3.0,245.6,100.0,55.0,10.0
L1,3.0,245.8,100.0,55.0,10.0
L1,3.0,246.0,100.0,55.0,10.0
L1,3.0,246.2,100.0,55.0,10.0
L1,3.0,246.4,100.0,55.0,10.0
L1,3.0,246.6,100.0,55.0,10.0
L1,3.0,246.8,100.0,55.0,10.0
L1,3.0,247.0,100.0,55.0,10.0
L1,3.0,247.2,100.0,55.0,10.0
L1,3.0,247.4,100.0,55.0,10.0
L1,3.0,247.6,100.0,55.0,10.0
L1,3.0,247.8,100.0,55.0,10.0
L1,3.0,248.0,100.0,55.0,10.0
L1,3.0,248.2,100.0,55.0,10.0
L1,3.0,248.4,100.0,55.0,10.0
L1,3.0,248.6,100.0,55.0,10.0
L1,3.0,248.8,100.0,55.0,10.0
L1,3.0,249.0,100.0,55.0,10.0
L1,3.0,249.2,100.0,55.0,10.0
L1,3.0,249.4,100.0,55.0,10.0
L1,3.0,249.6,100.0,55.0,10.0
L1,3.0,249.8,100.0,55.0,10.0
L1,3.0,250.0,100.0,55.0,10.0
L1,3.0,250.2,100.0,55.0,10.0
L2,3.0,0.0,0.0,45.0,10.0
L2,3.0,1.6,1.9,45.0,9.37
L2,3.0,1.8,3.0,45.0,9.0
L2,3.0,2.0,5.0,45.0,9.0
L2,3.0,2.2,6.0,45.0,9.0
L2,3.0,2.4,8.0,45.0,9.0
L2,3.0,2.6,9.0,45.0,9.0
L2,3.0,2.8,11.0,45.0,9.0
L2,3.0,3.0,12.0,45.0,9.0
L2,3.0,3.2,14.0,45.0,9.0
L2,3.0,3.4,15.0,45.0,9.0
L2,3.0,3.6,17.0,45.0,9.0
L2,3.0,3.8,18.0,45.0,9.0
L2,3.0,4.0,20.0,45.0,9.0
L2,3.0,4.2,21.0,45.0,9.0
L2,3.0,4.4,23.0,45.0,9.0
L2,3.0,4.6,24.0,45.0,9.0
L2,3.0,4.8,26.0,45.0,9.0
L2,3.0,5.0,27.0,45.0,9.0
L2,3.0,5.2,29.0,45.0,9.0
L2,3.0,5.4,30.0,45.0,9.0
L2,3.0,5.6,32.0,45.0,9.0
L2,3.0,5.8,33.0,45.0,9.0
L2,3.0,6.0,34.45,45.11,8.89
L2,3.0,6.2,33.36,47.46,8.64
L2,3.0,6.4,32.49,49.94,8.35
L2,3.0,6.6,31.95,52.51,8.09
L2,3.0,6.8,31.77,55.01,7.93
L2,3.0,7.0,31.86,57.23,7.94
L2,3.0,7.2,31.99,59.22,8.06
L2,3.0,7.4,32.11,61.21,8.17
L2,3.0,7.6,32.24,63.2,8.29
L2,3.0,7.8,32.37,65.2,8.41
L2,3.0,8.0,32.5,67.19,8.53
L2,3.0,8.2,32.63,69.18,8.65
L2,3.0,8.4,32.75,71.17,8.77
L2,3.0,8.6,32.88,73.17,8.89
L2,3.0,8.8,33.0,75.0,9.0
L2,3.0,9.0,35.0,75.0,9.0
L2,3.0,9.2,36.0,75.0,9.0
L2,3.0,9.4,37.41,73.59,9.0
L2,3.0,9.6,38.83,72.17,9.0
L2,3.0,9.8,40.83,72.06,9.0
L2,3.0,10.0,42.0,72.0,9.0
L2,3.0,10.2,44.0,72.0,9.0
L2,3.0,10.4,45.0,72.0,9.0
L2,3.0,10.6,47.0,72.0,9.0
L2,3.0,10.8,48.0,72.0,9.0
L2,3.0,11.0,50.0,72.0,9.0
L2,3.0,11.2,51.0,72.0,9.0
L2,3.0,11.4,53.0,72.0,9.0
L2,3.0,11.6,54.0,72.0,9.0
L2,3.0,11.8,56.0,72.0,9.0
L2,3.0,12.0,57.0,71.85,9.0
L2,3.0,12.2,56.93,69.85,9.0
L2,3.0,12.4,56.87,67.85,9.0
L2,3.0,12.6,57.78,66.74,9.0
L2,3.0,12.8,58.73,65.34,9.0
L2,3.0,13.0,58.71,63.33,9.0
L2,3.0,13.2,58.45,61.34,9.0
L2,3.0,13.4,58.2,59.36,9.0
L2,3.0,13.6,58.21,57.62,9.0
L2,3.0,13.8,59.13,56.49,9.0
L2,3.0,14.0,59.93,55.17,9.0
L2,3.0,14.2,60.58,53.68,9.0
L2,3.0,14.4,61.01,52.03,9.0
L2,3.0,14.6,61.2,50.27,9.0
L2,3.0,14.8,61.09,48.44,9.0
L2,3.0,15.0,60.68,46.61,9.0
L2,3.0,15.2,59.94,44.85,9.0
L2,3.0,15.4,58.92,43.23,9.0
L2,3.0,15.6,57.66,41.83,9.0
L2,3.0,15.8,56.72,41.04,9.0
L2,3.0,16.0,56.72,41.04,9.0
L2,3.0,16.2,58.64,41.6,9.0
L2,3.0,16.4,60.0,42.0,9.0
L2,3.0,16.6,62.0,42.0,9.0
L2,3.0,16.8,63.0,42.0,9.0
L2,3.0,17.0,65.0,42.0,9.0
L2,3.0,17.2,66.0,42.0,9.0
L2,3.0,17.4,68.0,42.0,9.0
L2,3.0,17.6,69.0,42.0,9.0
L2,3.0,17.8,71.0,42.0,9.0
L2,3.0,18.0,72.0,42.0,9.0
L2,3.0,18.2,74.0,42.0,9.0
L2,3.0,18.4,75.0,42.0,9.0
L2,3.0,18.6,77.0,42.0,9.0
L2,3.0,18.8,78.0,42.0,9.0
L2,3.0,19.0,80.0,42.0,9.0
L2,3.0,19.2,81.0,42.0,9.0
L2,3.0,19.4,82.15,40.85,10.15
L2,3.0,19.6,83.31,39.69,11.31
L2,3.0,19.8,84.0,39.0,12.0
L2,3.0,20.0,86.0,39.0,12.0
L2,3.0,20.2,87.0,39.0,12.0
L2,3.0,20.4,89.0,39.0,12.0
L2,3.0,20.6,90.0,39.0,12.0
L2,3.0,20.8,91.41,40.41,12.0
L2,3.0,21.0,92.83,41.83,12.0
L2,3.0,21.2,94.6,42.61,11.51
L2,3.0,21.4,96.37,43.4,11.01
L2,3.0,21.6,98.15,44.18,10.52
L2,3.0,21.8,99.92,44.96,10.02
L2,3.0,22.0,99.92,44.96,10.02
L2,3.0,22.2,99.92,44.96,10.02
L2,3.0,22.4,99.92,44.96,10.02
L2,3.0,22.6,99.92,44.96,10.02
L2,3.0,22.8,99.92,44.96,10.02
L2,3.0,23.0,99.92,44.96,10.02
L2,3.0,23.2,99.92,44.96,10.02
L2,3.0,23.4,99.92,44.96,10.02
L2,3.0,23.6,99.92,44.96,10.02
L2,3.0,23.8,99.92,44.96,10.02
L2,3.0,24.0,99.92,44.96,10.02
L2,3.0,24.2,99.92,44.96,10.02
L2,3.0,24.4,99.92,44.96,10.02
L2,3.0,24.6,99.92,44.96,10.02
L2,3.0,24.8,99.92,44.96,10.02
L2,3.0,25.0,99.92,44.96,10.02
L2,3.0,25.2,99.92,44.96,10.02
L2,3.0,25.4,99.92,44.96,10.02
L2,3.0,25.6,99.92,44.96,10.02
L2,3.0,25.8,99.92,44.96,10.02
L2,3.0,26.0,99.92,44.96,10.02
L2,3.0,26.2,99.92,44.96,10.02
L2,3.0,26.4,99.92,44.96,10.02
L2,3.0,26.6,99.92,44.96,10.02
L2,3.0,26.8,99.92,44.96,10.02
L2,3.0,27.0,99.92,44.96,10.02
L2,3.0,27.2,99.92,44.96,10.02
L2,3.0,27.4,99.92,44.96,10.02
L2,3.0,27.6,99.92,44.96,10.02
L2,3.0,27.8,99.92,44.96,10.02
L2,3.0,28.0,99.92,44.96,10.02
L2,3.0,28.2,99.92,44.96,10.02
L2,3.0,28.4,99.92,44.96,10.02
L2,3.0,28.6,99.92,44.96,10.02
L2,3.0,28.8,99.92,44.96,10.02
L2,3.0,29.0,99.92,44.96,10.02
L2,3.0,29.2,99.92,44.96,10.02
L2,3.0,29.4,99.92,44.96,10.02
L2,3.0,29.6,99.92,44.96,10.02
L2,3.0,29.8,99.92,44.96,10.02
L2,3.0,30.0,99.92,44.96,10.02
L2,3.0,30.2,99.92,44.96,10.02
L2,3.0,30.4,99.92,44.96,10.02
L2,3.0,30.6,99.92,44.96,10.02
L2,3.0,30.8,99.92,44.96,10.02
L2,3.0,31.0,99.92,44.96,10.02
L2,3.0,31.2,99.92,44.96,10.02
L2,3.0,31.4,99.92,44.96,10.02
L2,3.0,31.6,99.92,44.96,10.02
L2,3.0,31.8,99.92,44.96,10.02
L2,3.0,32.0,99.92,44.96,10.02
L2,3.0,32.2,99.92,44.96,10.02
L2,3.0,32.4,99.92,44.96,10.02
L2,3.0,32.6,99.92,44.96,10.02
L2,3.0,32.8,99.92,44.96,10.02
L2,3.0,33.0,99.92,44.96,10.02
L2,3.0,33.2,99.92,44.96,10.02
L2,3.0,33.4,99.92,44.96,10.02
L2,3.0,33.6,99.92,44.96,10.02
L2,3.0,33.8,99.92,44.96,10.02
L2,3.0,34.0,99.92,44.96,10.02
L2,3.0,34.2,99.92,44.96,10.02
L2,3.0,34.4,99.92,44.96,10.02
L2,3.0,34.6,99.92,44.96,10.02
L2,3.0,34.8,99.92,44.96,10.02
L2,3.0,35.0,99.92,44.96,10.02
L2,3.0,35.2,99.92,44.96,10.02
L2,3.0,35.4,99.92,44.96,10.02
L2,3.0,35.6,99.92,44.96,10.02
L2,3.0,35.8,99.92,44.96,10.02
L2,3.0,36.0,99.92,44.96,10.02
L2,3.0,36.2,99.92,44.96,10.02
L2,3.0,36.4,99.92,44.96,10.02
L2,3.0,36.6,99.92,44.96,10.02
L2,3.0,36.8,99.92,44.96,10.02
L2,3.0,37.0,99.92,44.96,10.02
L2,3.0,37.2,99.92,44.96,10.02
L2,3.0,37.4,99.92,44.96,10.02
L2,3.0,37.6,99.92,44.96,10.02
L2,3.0,37.8,99.92,44.96,10.02
L2,3.0,38.0,99.92,44.96,10.02
L2,3.0,38.2,99.92,44.96,10.02
L2,3.0,38.4,99.92,44.96,10.02
L2,3.0,38.6,99.92,44.96,10.02
L2,3.0,38.8,99.92,44.96,10.02
L2,3.0,39.0,99.92,44.96,10.02
L2,3.0,39.2,99.92,44.96,10.02
L2,3.0,39.4,99.92,44.96,10.02
L2,3.0,39.6,99.92,44.96,10.02
L2,3.0,39.8,99.92,44.96,10.02
L2,3.0,40.0,99.92,44.96,10.02
L2,3.0,40.2,99.92,44.96,10.02
L2,3.0,40.4,99.92,44.96,10.02
L2,3.0,40.6,99.92,44.96,10.02
L2,3.0,40.8,99.92,44.96,10.02
L2,3.0,41.0,99.92,44.96,10.02
L2,3.0,41.2,99.92,44.96,10.02
L2,3.0,41.4,99.92,44.96,10.02
L2,3.0,41.6,99.92,44.96,10.02
L2,3.0,41.8,99.92,44.96,10.02
L2,3.0,42.0,99.92,44.96,10.02
L2,3.0,42.2,99.92,44.96,10.02
L2,3.0,42.4,99.92,44.96,10.02
L2,3.0,42.6,99.92,44.96,10.02
L2,3.0,42.8,99.92,44.96,10.02
L2,3.0,43.0,99.92,44.96,10.02
L2,3.0,43.2,99.92,44.96,10.02
L2,3.0,43.4,99.92,44.96,10.02
L2,3.0,43.6,99.92,44.96,10.02
L2,3.0,43.8,99.92,44.96,10.02
L2,3.0,44.0,99.92,44.96,10.02
L2,3.0,44.2,99.92,44.96,10.02
L2,3.0,44.4,99.92,44.96,10.02
L2,3.0,44.6,99.92,44.96,10.02
L2,3.0,44.8,99.92,44.96,10.02
L2,3.0,45.0,99.92,44.96,10.02
L2,3.0,45.2,99.92,44.96,10.02
L2,3.0,45.4,99.92,44.96,10.02
L2,3.0,45.6,99.92,44.96,10.02
L2,3.0,45.8,99.92,44.96,10.02
L2,3.0,46.0,99.92,44.96,10.02
L2,3.0,46.2,99.92,44.96,10.02
L2,3.0,46.4,99.92,44.96,10.02
L2,3.0,46.6,99.92,44.96,10.02
L2,3.0,46.8,99.92,44.96,10.02
L2,3.0,47.0,99.92,44.96,10.02
L2,3.0,47.2,99.92,44.96,10.02
L2,3.0,47.4,99.92,44.96,10.02
L2,3.0,47.6,99.92,44.96,10.02
L2,3.0,47.8,99.92,44.96,10.02
L2,3.0,48.0,99.92,44.96,10.02
L2,3.0,48.2,99.92,44.96,10.02
L2,3.0,48.4,99.92,44.96,10.02
L2,3.0,48.6,99.92,44.96,10.02
L2,3.0,48.8,99.92,44.96,10.02
L2,3.0,49.0,99.92,44.96,10.02
L2,3.0,49.2,99.92,44.96,10.02
L2,3.0,49.4,99.92,44.96,10.02
L2,3.0,49.6,99.92,44.96,10.02
L2,3.0,49.8,99.92,44.96,10.02
L2,3.0,50.0,99.92,44.96,10.02
L2,3.0,50.2,99.92,44.96,10.02
L2,3.0,50.4,99.92,44.96,10.02
L2,3.0,50.6,99.92,44.96,10.02
L2,3.0,50.8,99.92,44.96,10.02
L2,3.0,51.0,99.92,44.96,10.02
L2,3.0,51.2,99.92,44.96,10.02
L2,3.0,51.4,99.92,44.96,10.02
L2,3.0,51.6,99.92,44.96,10.02
L2,3.0,51.8,99.92,44.96,10.02
L2,3.0,52.0,99.92,44.96,10.02
L2,3.0,52.2,99.92,44.96,10.02
L2,3.0,52.4,99.92,44.96,10.02
L2,3.0,52.6,99.92,44.96,10.02
L2,3.0,52.8,99.92,44.96,10.02
L2,3.0,53.0,99.92,44.96,10.02
L2,3.0,53.2,99.92,44.96,10.02
L2,3.0,53.4,99.92,44.96,10.02
L2,3.0,53.6,99.92,44.96,10.02
L2,3.0,53.8,99.92,44.96,10.02
L2,3.0,54.0,99.92,44.96,10.02
L2,3.0,54.2,99.92,44.96,10.02
L2,3.0,54.4,99.92,44.96,10.02
L2,3.0,54.6,99.92,44.96,10.02
L2,3.0,54.8,99.92,44.96,10.02
L2,3.0,55.0,99.92,44.96,10.02
L2,3.0,55.2,99.92,44.96,10.02
L2,3.0,55.4,99.92,44.96,10.02
L2,3.0,55.6,99.92,44.96,10.02
L2,3.0,55.8,99.92,44.96,10.02
L2,3.0,56.0,99.92,44.96,10.02
L2,3.0,56.2,99.92,44.96,10.02
L2,3.0,56.4,99.92,44.96,10.02
L2,3.0,56.6,99.92,44.96,10.02
L2,3.0,56.8,99.92,44.96,10.02
L2,3.0,57.0,99.92,44.96,10.02
L2,3.0,57.2,99.92,44.96,10.02
L2,3.0,57.4,99.92,44.96,10.02
L2,3.0,57.6,99.92,44.96,10.02
L2,3.0,57.8,99.92,44.96,10.02
L2,3.0,58.0,99.92,44.96,10.02
L2,3.0,58.2,99.92,44.96,10.02
L2,3.0,58.4,99.92,44.96,10.02
L2,3.0,58.6,99.92,44.96,10.02
L2,3.0,58.8,99.92,44.96,10.02
L2,3.0,59.0,99.92,44.96,10.02
L2,3.0,59.2,99.92,44.96,10.02
L2,3.0,59.4,99.92,44.96,10.02
L2,3.0,59.6,99.92,44.96,10.02
L2,3.0,59.8,99.92,44.96,10.02
L2,3.0,60.0,99.92,44.96,10.02
L2,3.0,60.2,99.92,44.96,10.02
L2,3.0,60.4,99.92,44.96,10.02
L2,3.0,60.6,99.92,44.96,10.02
L2,3.0,60.8,99.92,44.96,10.02
L2,3.0,61.0,99.92,44.96,10.02
L2,3.0,61.2,99.92,44.96,10.02
L2,3.0,61.4,99.92,44.96,10.02
L2,3.0,61.6,99.92,44.96,10.02
L2,3.0,61.8,99.92,44.96,10.02
L2,3.0,62.0,99.92,44.96,10.02
L2,3.0,62.2,99.92,44.96,10.02
L2,3.0,62.4,99.92,44.96,10.02
L2,3.0,62.6,99.92,44.96,10.02
L2,3.0,62.8,99.92,44.96,10.02
L2,3.0,63.0,99.92,44.96,10.02
L2,3.0,63.2,99.92,44.96,10.02
L2,3.0,63.4,99.92,44.96,10.02
L2,3.0,63.6,99.92,44.96,10.02
L2,3.0,63.8,99.92,44.96,10.02
L2,3.0,64.0,99.92,44.96,10.02
L2,3.0,64.2,99.92,44.96,10.02
L2,3.0,64.4,99.92,44.96,10.02
L2,3.0,64.6,99.92,44.96,10.02
L2,3.0,64.8,99.92,44.96,10.02
L2,3.0,65.0,99.92,44.96,10.02
L2,3.0,65.2,99.92,44.96,10.02
L2,3.0,65.4,99.92,44.96,10.02
L2,3.0,65.6,99.92,44.96,10.02
L2,3.0,65.8,99.92,44.96,10.02
L2,3.0,66.0,99.92,44.96,10.02
L2,3.0,66.2,99.92,44.96,10.02
L2,3.0,66.4,99.92,44.96,10.02
L2,3.0,66.6,99.92,44.96,10.02
L2,3.0,66.8,99.92,44.96,10.02
L2,3.0,67.0,99.92,44.96,10.02
L2,3.0,67.2,99.92,44.96,10.02
L2,3.0,67.4,99.92,44.96,10.02
L2,3.0,67.6,99.92,44.96,10.02
L2,3.0,67.8,99.92,44.96,10.02
L2,3.0,68.0,99.92,44.96,10.02
L2,3.0,68.2,99.92,44.96,10.02
L2,3.0,68.4,99.92,44.96,10.02
L2,3.0,68.6,99.92,44.96,10.02
L2,3.0,68.8,99.92,44.96,10.02
L2,3.0,69.0,99.92,44.96,10.02
L2,3.0,69.2,99.92,44.96,10.02
L2,3.0,69.4,99.92,44.96,10.02
L2,3.0,69.6,99.92,44.96,10.02
L2,3.0,69.8,99.92,44.96,10.02
L2,3.0,70.0,99.92,44.96,10.02
L2,3.0,70.2,99.92,44.96,10.02
L2,3.0,70.4,99.92,44.96,10.02
L2,3.0,70.6,99.92,44.96,10.02
L2,3.0,70.8,99.92,44.96,10.02
L2,3.0,71.0,99.92,44.96,10.02
L2,3.0,71.2,99.92,44.96,10.02
L2,3.0,71.4,99.92,44.96,10.02
L2,3.0,71.6,99.92,44.96,10.02
L2,3.0,71.8,99.92,44.96,10.02
L2,3.0,72.0,99.92,44.96,10.02
L2,3.0,72.2,99.92,44.96,10.02
L2,3.0,72.4,99.92,44.96,10.02
L2,3.0,72.6,99.92,44.96,10.02
L2,3.0,72.8,99.92,44.96,10.02
L2,3.0,73.0,99.92,44.96,10.02
L2,3.0,73.2,99.92,44.96,10.02
L2,3.0,73.4,99.92,44.96,10.02
L2,3.0,73.6,99.92,44.96,10.02
L2,3.0,73.8,99.92,44.96,10.02
L2,3.0,74.0,99.92,44.96,10.02
L2,3.0,74.2,99.92,44.96,10.02
L2,3.0,74.4,99.92,44.96,10.02
L2,3.0,74.6,99.92,44.96,10.02
L2,3.0,74.8,99.92,44.96,10.02
L2,3.0,75.0,99.92,44.96,10.02
L2,3.0,75.2,99.92,44.96,10.02
L2,3.0,75.4,99.92,44.96,10.02
L2,3.0,75.6,99.92,44.96,10.02
L2,3.0,75.8,99.92,44.96,10.02
L2,3.0,76.0,99.92,44.96,10.02
L2,3.0,76.2,99.92,44.96,10.02
L2,3.0,76.4,99.92,44.96,10.02
L2,3.0,76.6,99.92,44.96,10.02
L2,3.0,76.8,99.92,44.96,10.02
L2,3.0,77.0,99.92,44.96,10.02
L2,3.0,77.2,99.92,44.96,10.02
L2,3.0,77.4,99.92,44.96,10.02
L2,3.0,77.6,99.92,44.96,10.02
L2,3.0,77.8,99.92,44.96,10.02
L2,3.0,78.0,99.92,44.96,10.02
L2,3.0,78.2,99.92,44.96,10.02
L2,3.0,78.4,99.92,44.96,10.02
L2,3.0,78.6,99.92,44.96,10.02
L2,3.0,78.8,99.92,44.96,10.02
L2,3.0,79.0,99.92,44.96,10.02
L2,3.0,79.2,99.92,44.96,10.02
L2,3.0,79.4,99.92,44.96,10.02
L2,3.0,79.6,99.92,44.96,10.02
L2,3.0,79.8,99.92,44.96,10.02
L2,3.0,80.0,99.92,44.96,10.02
L2,3.0,80.2,99.92,44.96,10.02
L2,3.0,80.4,99.92,44.96,10.02
L2,3.0,80.6,99.92,44.96,10.02
L2,3.0,80.8,99.92,44.96,10.02
L2,3.0,81.0,99.92,44.96,10.02
L2,3.0,81.2,99.92,44.96,10.02
L2,3.0,81.4,99.92,44.96,10.02
L2,3.0,81.6,99.92,44.96,10.02
L2,3.0,81.8,99.92,44.96,10.02
L2,3.0,82.0,99.92,44.96,10.02
L2,3.0,82.2,99.92,44.96,10.02
L2,3.0,82.4,99.92,44.96,10.02
L2,3.0,82.6,99.92,44.96,10.02
L2,3.0,82.8,99.92,44.96,10.02
L2,3.0,83.0,99.92,44.96,10.02
L2,3.0,83.2,99.92,44.96,10.02
L2,3.0,83.4,99.92,44.96,10.02
L2,3.0,83.6,99.92,44.96,10.02
L2,3.0,83.8,99.92,44.96,10.02
L2,3.0,84.0,99.92,44.96,10.02
L2,3.0,84.2,99.92,44.96,10.02
L2,3.0,84.4,99.92,44.96,10.02
L2,3.0,84.6,99.92,44.96,10.02
L2,3.0,84.8,99.92,44.96,10.02
L2,3.0,85.0,99.92,44.96,10.02
L2,3.0,85.2,99.92,44.96,10.02
L2,3.0,85.4,99.92,44.96,10.02
L2,3.0,85.6,99.92,44.96,10.02
L2,3.0,85.8,99.92,44.96,10.02
L2,3.0,86.0,99.92,44.96,10.02
L2,3.0,86.2,99.92,44.96,10.02
L2,3.0,86.4,99.92,44.96,10.02
L2,3.0,86.6,99.92,44.96,10.02
L2,3.0,86.8,99.92,44.96,10.02
L2,3.0,87.0,99.92,44.96,10.02
L2,3.0,87.2,99.92,44.96,10.02
L2,3.0,87.4,99.92,44.96,10.02
L2,3.0,87.6,99.92,44.96,10.02
L2,3.0,87.8,99.92,44.96,10.02
L2,3.0,88.0,99.92,44.96,10.02
L2,3.0,88.2,99.92,44.96,10.02
L2,3.0,88.4,99.92,44.96,10.02
L2,3.0,88.6,99.92,44.96,10.02
L2,3.0,88.8,99.92,44.96,10.02
L2,3.0,89.0,99.92,44.96,10.02
L2,3.0,89.2,99.92,44.96,10.02
L2,3.0,89.4,99.92,44.96,10.02
L2,3.0,89.6,99.92,44.96,10.02
L2,3.0,89.8,99.92,44.96,10.02
L2,3.0,90.0,99.92,44.96,10.02
L2,3.0,90.2,99.92,44.96,10.02
L2,3.0,90.4,99.92,44.96,10.02
L2,3.0,90.6,99.92,44.96,10.02
L2,3.0,90.8,99.92,44.96,10.02
L2,3.0,91.0,99.92,44.96,10.02
L2,3.0,91.2,99.92,44.96,10.02
L2,3.0,91.4,99.92,44.96,10.02
L2,3.0,91.6,99.92,44.96,10.02
L2,3.0,91.8,99.92,44.96,10.02
L2,3.0,92.0,99.92,44.96,10.02
L2,3.0,92.2,99.92,44.96,10.02
L2,3.0,92.4,99.92,44.96,10.02
L2,3.0,92.6,99.92,44.96,10.02
L2,3.0,92.8,99.92,44.96,10.02
L2,3.0,93.0,99.92,44.96,10.02
L2,3.0,93.2,99.92,44.96,10.02
L2,3.0,93.4,99.92,44.96,10.02
L2,3.0,93.6,99.92,44.96,10.02
L2,3.0,93.8,99.92,44.96,10.02
L2,3.0,94.0,99.92,44.96,10.02
L2,3.0,94.2,99.92,44.96,10.02
L2,3.0,94.4,99.92,44.96,10.02
L2,3.0,94.6,99.92,44.96,10.02
L2,3.0,94.8,99.92,44.96,10.02
L2,3.0,95.0,99.92,44.96,10.02
L2,3.0,95.2,99.92,44.96,10.02
L2,3.0,95.4,99.92,44.96,10.02
L2,3.0,95.6,99.92,44.96,10.02
L2,3.0,95.8,99.92,44.96,10.02
L2,3.0,96.0,99.92,44.96,10.02
L2,3.0,96.2,99.92,44.96,10.02
L2,3.0,96.4,99.92,44.96,10.02
L2,3.0,96.6,99.92,44.96,10.02
L2,3.0,96.8,99.92,44.96,10.02
L2,3.0,97.0,99.92,44.96,10.02
L2,3.0,97.2,99.92,44.96,10.02
L2,3.0,97.4,99.92,44.96,10.02
L2,3.0,97.6,99.92,44.96,10.02
L2,3.0,97.8,99.92,44.96,10.02
L2,3.0,98.0,99.92,44.96,10.02
L2,3.0,98.2,99.92,44.96,10.02
L2,3.0,98.4,99.92,44.96,10.02
L2,3.0,98.6,99.92,44.96,10.02
L2,3.0,98.8,99.92,44.96,10.02
L2,3.0,99.0,99.92,44.96,10.02
L2,3.0,99.2,99.92,44.96,10.02
L2,3.0,99.4,99.92,44.96,10.02
L2,3.0,99.6,99.92,44.96,10.02
L2,3.0,99.8,99.92,44.96,10.02
L2,3.0,100.0,99.92,44.96,10.02
L2,3.0,100.2,99.92,44.96,10.02
L2,3.0,100.4,99.92,44.96,10.02
L2,3.0,100.6,99.92,44.96,10.02
L2,3.0,100.8,99.92,44.96,10.02
L2,3.0,101.0,99.92,44.96,10.02
L2,3.0,101.2,99.92,44.96,10.02
L2,3.0,101.4,99.92,44.96,10.02
L2,3.0,101.6,99.92,44.96,10.02
L2,3.0,101.8,99.92,44.96,10.02
L2,3.0,102.0,99.92,44.96,10.02
L2,3.0,102.2,99.92,44.96,10.02
L2,3.0,102.4,99.92,44.96,10.02
L2,3.0,102.6,99.92,44.96,10.02
L2,3.0,102.8,99.92,44.96,10.02
L2,3.0,103.0,99.92,44.96,10.02
L2,3.0,103.2,99.92,44.96,10.02
L2,3.0,103.4,99.92,44.96,10.02
L2,3.0,103.6,99.92,44.96,10.02
L2,3.0,103.8,99.92,44.96,10.02
L2,3.0,104.0,99.92,44.96,10.02
L2,3.0,104.2,99.92,44.96,10.02
L2,3.0,104.4,99.92,44.96,10.02
L2,3.0,104.6,99.92,44.96,10.02
L2,3.0,104.8,99.92,44.96,10.02
L2,3.0,105.0,99.92,44.96,10.02
L2,3.0,105.2,99.92,44.96,10.02
L2,3.0,105.4,99.92,44.96,10.02
L2,3.0,105.6,99.92,44.96,10.02
L2,3.0,105.8,99.92,44.96,10.02
L2,3.0,106.0,99.92,44.96,10.02
L2,3.0,106.2,99.92,44.96,10.02
L2,3.0,106.4,99.92,44.96,10.02
L2,3.0,106.6,99.92,44.96,10.02
L2,3.0,106.8,99.92,44.96,10.02
L2,3.0,107.0,99.92,44.96,10.02
L2,3.0,107.2,99.92,44.96,10.02
L2,3.0,107.4,99.92,44.96,10.02
L2,3.0,107.6,99.92,44.96,10.02
L2,3.0,107.8,99.92,44.96,10.02
L2,3.0,108.0,99.92,44.96,10.02
L2,3.0,108.2,99.92,44.96,10.02
L2,3.0,108.4,99.92,44.96,10.02
L2,3.0,108.6,99.92,44.96,10.02
L2,3.0,108.8,99.92,44.96,10.02
L2,3.0,109.0,99.92,44.96,10.02
L2,3.0,109.2,99.92,44.96,10.02
L2,3.0,109.4,99.92,44.96,10.02
L2,3.0,109.6,99.92,44.96,10.02
L2,3.0,109.8,99.92,44.96,10.02
L2,3.0,110.0,99.92,44.96,10.02
L2,3.0,110.2,99.92,44.96,10.02
L2,3.0,110.4,99.92,44.96,10.02
L2,3.0,110.6,99.92,44.96,10.02
L2,3.0,110.8,99.92,44.96,10.02
L2,3.0,111.0,99.92,44.96,10.02
L2,3.0,111.2,99.92,44.96,10.02
L2,3.0,111.4,99.92,44.96,10.02
L2,3.0,111.6,99.92,44.96,10.02
L2,3.0,111.8,99.92,44.96,10.02
L2,3.0,112.0,99.92,44.96,10.02
L2,3.0,112.2,99.92,44.96,10.02
L2,3.0,112.4,99.92,44.96,10.02
L2,3.0,112.6,99.92,44.96,10.02
L2,3.0,112.8,99.92,44.96,10.02
L2,3.0,113.0,99.92,44.96,10.02
L2,3.0,113.2,99.92,44.96,10.02
L2,3.0,113.4,99.92,44.96,10.02
L2,3.0,113.6,99.92,44.96,10.02
L2,3.0,113.8,99.92,44.96,10.02
L2,3.0,114.0,99.92,44.96,10.02
L2,3.0,114.2,99.92,44.96,10.02
L2,3.0,114.4,99.92,44.96,10.02
L2,3.0,114.6,99.92,44.96,10.02
L2,3.0,114.8,99.92,44.96,10.02
L2,3.0,115.0,99.92,44.96,10.02
L2,3.0,115.2,99.92,44.96,10.02
L2,3.0,115.4,99.92,44.96,10.02
L2,3.0,115.6,99.92,44.96,10.02
L2,3.0,115.8,99.92,44.96,10.02
L2,3.0,116.0,99.92,44.96,10.02
L2,3.0,116.2,99.92,44.96,10.02
L2,3.0,116.4,99.92,44.96,10.02
L2,3.0,116.6,99.92,44.96,10.02
L2,3.0,116.8,99.92,44.96,10.02
L2,3.0,117.0,99.92,44.96,10.02
L2,3.0,117.2,99.92,44.96,10.02
L2,3.0,117.4,99.92,44.96,10.02
L2,3.0,117.6,99.92,44.96,10.02
L2,3.0,117.8,99.92,44.96,10.02
L2,3.0,118.0,99.92,44.96,10.02
L2,3.0,118.2,99.92,44.96,10.02
L2,3.0,118.4,99.92,44.96,10.02
L2,3.0,118.6,99.92,44.96,10.02
L2,3.0,118.8,99.92,44.96,10.02
L2,3.0,119.0,99.92,44.96,10.02
L2,3.0,119.2,99.92,44.96,10.02
L2,3.0,119.4,99.92,44.96,10.02
L2,3.0,119.6,99.92,44.96,10.02
L2,3.0,119.8,99.92,44.96,10.02
L2,3.0,120.0,99.92,44.96,10.02
L2,3.0,120.2,99.92,44.96,10.02
L2,3.0,120.4,99.92,44.96,10.02
L2,3.0,120.6,99.92,44.96,10.02
L2,3.0,120.8,99.92,44.96,10.02
L2,3.0,121.0,99.92,44.96,10.02
L2,3.0,121.2,99.92,44.96,10.02
L2,3.0,121.4,99.92,44.96,10.02
L2,3.0,121.6,99.92,44.96,10.02
L2,3.0,121.8,99.92,44.96,10.02
L2,3.0,122.0,99.92,44.96,10.02
L2,3.0,122.2,99.92,44.96,10.02
L2,3.0,122.4,99.92,44.96,10.02
L2,3.0,122.6,99.92,44.96,10.02
L2,3.0,122.8,99.92,44.96,10.02
L2,3.0,123.0,99.92,44.96,10.02
L2,3.0,123.2,99.92,44.96,10.02
L2,3.0,123.4,99.92,44.96,10.02
L2,3.0,123.6,99.92,44.96,10.02
L2,3.0,123.8,99.92,44.96,10.02
L2,3.0,124.0,99.92,44.96,10.02
L2,3.0,124.2,99.92,44.96,10.02
L2,3.0,124.4,99.92,44.96,10.02
L2,3.0,124.6,99.92,44.96,10.02
L2,3.0,124.8,99.92,44.96,10.02
L2,3.0,125.0,99.92,44.96,10.02
L2,3.0,125.2,99.92,44.96,10.02
L2,3.0,125.4,99.92,44.96,10.02
L2,3.0,125.6,99.92,44.96,10.02
L2,3.0,125.8,99.92,44.96,10.02
L2,3.0,126.0,99.92,44.96,10.02
L2,3.0,126.2,99.92,44.96,10.02
L2,3.0,126.4,99.92,44.96,10.02
L2,3.0,126.6,99.92,44.96,10.02
L2,3.0,126.8,99.92,44.96,10.02
L2,3.0,127.0,99.92,44.96,10.02
L2,3.0,127.2,99.92,44.96,10.02
L2,3.0,127.4,99.92,44.96,10.02
L2,3.0,127.6,99.92,44.96,10.02
L2,3.0,127.8,99.92,44.96,10.02
L2,3.0,128.0,99.92,44.96,10.02
L2,3.0,128.2,99.92,44.96,10.02
L2,3.0,128.4,99.92,44.96,10.02
L2,3.0,128.6,99.92,44.96,10.02
L2,3.0,128.8,99.92,44.96,10.02
L2,3.0,129.0,99.92,44.96,10.02
L2,3.0,129.2,99.92,44.96,10.02
L2,3.0,129.4,99.92,44.96,10.02
L2,3.0,129.6,99.92,44.96,10.02
L2,3.0,129.8,99.92,44.96,10.02
L2,3.0,130.0,99.92,44.96,10.02
L2,3.0,130.2,99.92,44.96,10.02
L2,3.0,130.4,99.92,44.96,10.02
L2,3.0,130.6,99.92,44.96,10.02
L2,3.0,130.8,99.92,44.96,10.02
L2,3.0,131.0,99.92,44.96,10.02
L2,3.0,131.2,99.92,44.96,10.02
L2,3.0,131.4,99.92,44.96,10.02
L2,3.0,131.6,99.92,44.96,10.02
L2,3.0,131.8,99.92,44.96,10.02
L2,3.0,132.0,99.92,44.96,10.02
L2,3.0,132.2,99.92,44.96,10.02
L2,3.0,132.4,99.92,44.96,10.02
L2,3.0,132.6,99.92,44.96,10.02
L2,3.0,132.8,99.92,44.96,10.02
L2,3.0,133.0,99.92,44.96,10.02
L2,3.0,133.2,99.92,44.96,10.02
L2,3.0,133.4,99.92,44.96,10.02
L2,3.0,133.6,99.92,44.96,10.02
L2,3.0,133.8,99.92,44.96,10.02
L2,3.0,134.0,99.92,44.96,10.02
L2,3.0,134.2,99.92,44.96,10.02
L2,3.0,134.4,99.92,44.96,10.02
L2,3.0,134.6,99.92,44.96,10.02
L2,3.0,134.8,99.92,44.96,10.02
L2,3.0,135.0,99.92,44.96,10.02
L2,3.0,135.2,99.92,44.96,10.02
L2,3.0,135.4,99.92,44.96,10.02
L2,3.0,135.6,99.92,44.96,10.02
L2,3.0,135.8,99.92,44.96,10.02
L2,3.0,136.0,99.92,44.96,10.02
L2,3.0,136.2,99.92,44.96,10.02
L2,3.0,136.4,99.92,44.96,10.02
L2,3.0,136.6,99.92,44.96,10.02
L2,3.0,136.8,99.92,44.96,10.02
L2,3.0,137.0,99.92,44.96,10.02
L2,3.0,137.2,99.92,44.96,10.02
L2,3.0,137.4,99.92,44.96,10.02
L2,3.0,137.6,99.92,44.96,10.02
L2,3.0,137.8,99.92,44.96,10.02
L2,3.0,138.0,99.92,44.96,10.02
L2,3.0,138.2,99.92,44.96,10.02
L2,3.0,138.4,99.92,44.96,10.02
L2,3.0,138.6,99.92,44.96,10.02
L2,3.0,138.8,99.92,44.96,10.02
L2,3.0,139.0,99.92,44.96,10.02
L2,3.0,139.2,99.92,44.96,10.02
L2,3.0,139.4,99.92,44.96,10.02
L2,3.0,139.6,99.92,44.96,10.02
L2,3.0,139.8,99.92,44.96,10.02
L2,3.0,140.0,99.92,44.96,10.02
L2,3.0,140.2,99.92,44.96,10.02
L2,3.0,140.4,99.92,44.96,10.02
L2,3.0,140.6,99.92,44.96,10.02
L2,3.0,140.8,99.92,44.96,10.02
L2,3.0,141.0,99.92,44.96,10.02
L2,3.0,141.2,99.92,44.96,10.02
L2,3.0,141.4,99.92,44.96,10.02
L2,3.0,141.6,99.92,44.96,10.02
L2,3.0,141.8,99.92,44.96,10.02
L2,3.0,142.0,99.92,44.96,10.02
L2,3.0,142.2,99.92,44.96,10.02
L2,3.0,142.4,99.92,44.96,10.02
L2,3.0,142.6,99.92,44.96,10.02
L2,3.0,142.8,99.92,44.96,10.02
L2,3.0,143.0,99.92,44.96,10.02
L2,3.0,143.2,99.92,44.96,10.02
L2,3.0,143.4,99.92,44.96,10.02
L2,3.0,143.6,99.92,44.96,10.02
L2,3.0,143.8,99.92,44.96,10.02
L2,3.0,144.0,99.92,44.96,10.02
L2,3.0,144.2,99.92,44.96,10.02
L2,3.0,144.4,99.92,44.96,10.02
L2,3.0,144.6,99.92,44.96,10.02
L2,3.0,144.8,99.92,44.96,10.02
L2,3.0,145.0,99.92,44.96,10.02
L2,3.0,145.2,99.92,44.96,10.02
L2,3.0,145.4,99.92,44.96,10.02
L2,3.0,145.6,99.92,44.96,10.02
L2,3.0,145.8,99.92,44.96,10.02
L2,3.0,146.0,99.92,44.96,10.02
L2,3.0,146.2,99.92,44.96,10.02
L2,3.0,146.4,99.92,44.96,10.02
L2,3.0,146.6,99.92,44.96,10.02
L2,3.0,146.8,99.92,44.96,10.02
L2,3.0,147.0,99.92,44.96,10.02
L2,3.0,147.2,99.92,44.96,10.02
L2,3.0,147.4,99.92,44.96,10.02
L2,3.0,147.6,99.92,44.96,10.02
L2,3.0,147.8,99.92,44.96,10.02
L2,3.0,148.0,99.92,44.96,10.02
L2,3.0,148.2,99.92,44.96,10.02
L2,3.0,148.4,99.92,44.96,10.02
L2,3.0,148.6,99.92,44.96,10.02
L2,3.0,148.8,99.92,44.96,10.02
L2,3.0,149.0,99.92,44.96,10.02
L2,3.0,149.2,99.92,44.96,10.02
L2,3.0,149.4,99.92,44.96,10.02
L2,3.0,149.6,99.92,44.96,10.02
L2,3.0,149.8,99.92,44.96,10.02
L2,3.0,150.0,99.92,44.96,10.02
L2,3.0,150.2,99.92,44.96,10.02
L2,3.0,150.4,99.92,44.96,10.02
L2,3.0,150.6,99.92,44.96,10.02
L2,3.0,150.8,99.92,44.96,10.02
L2,3.0,151.0,99.92,44.96,10.02
L2,3.0,151.2,99.92,44.96,10.02
L2,3.0,151.4,99.92,44.96,10.02
L2,3.0,151.6,99.92,44.96,10.02
L2,3.0,151.8,99.92,44.96,10.02
L2,3.0,152.0,99.92,44.96,10.02
L2,3.0,152.2,99.92,44.96,10.02
L2,3.0,152.4,99.92,44.96,10.02
L2,3.0,152.6,99.92,44.96,10.02
L2,3.0,152.8,99.92,44.96,10.02
L2,3.0,153.0,99.92,44.96,10.02
L2,3.0,153.2,99.92,44.96,10.02
L2,3.0,153.4,99.92,44.96,10.02
L2,3.0,153.6,99.92,44.96,10.02
L2,3.0,153.8,99.92,44.96,10.02
L2,3.0,154.0,99.92,44.96,10.02
L2,3.0,154.2,99.92,44.96,10.02
L2,3.0,154.4,99.92,44.96,10.02
L2,3.0,154.6,99.92,44.96,10.02
L2,3.0,154.8,99.92,44.96,10.02
L2,3.0,155.0,99.92,44.96,10.02
L2,3.0,155.2,99.92,44.96,10.02
L2,3.0,155.4,99.92,44.96,10.02
L2,3.0,155.6,99.92,44.96,10.02
L2,3.0,155.8,99.92,44.96,10.02
L2,3.0,156.0,99.92,44.96,10.02
L2,3.0,156.2,99.92,44.96,10.02
L2,3.0,156.4,99.92,44.96,10.02
L2,3.0,156.6,99.92,44.96,10.02
L2,3.0,156.8,99.92,44.96,10.02
L2,3.0,157.0,99.92,44.96,10.02
L2,3.0,157.2,99.92,44.96,10.02
L2,3.0,157.4,99.92,44.96,10.02
L2,3.0,157.6,99.92,44.96,10.02
L2,3.0,157.8,99.92,44.96,10.02
L2,3.0,158.0,99.92,44.96,10.02
L2,3.0,158.2,99.92,44.96,10.02
L2,3.0,158.4,99.92,44.96,10.02
L2,3.0,158.6,99.92,44.96,10.02
L2,3.0,158.8,99.92,44.96,10.02
L2,3.0,159.0,99.92,44.96,10.02
L2,3.0,159.2,99.92,44.96,10.02
L2,3.0,159.4,99.92,44.96,10.02
L2,3.0,159.6,99.92,44.96,10.02
L2,3.0,159.8,99.92,44.96,10.02
L2,3.0,160.0,99.92,44.96,10.02
L2,3.0,160.2,99.92,44.96,10.02
L2,3.0,160.4,99.92,44.96,10.02
L2,3.0,160.6,99.92,44.96,10.02
L2,3.0,160.8,99.92,44.96,10.02
L2,3.0,161.0,99.92,44.96,10.02
L2,3.0,161.2,99.92,44.96,10.02
L2,3.0,161.4,99.92,44.96,10.02
L2,3.0,161.6,99.92,44.96,10.02
L2,3.0,161.8,99.92,44.96,10.02
L2,3.0,162.0,99.92,44.96,10.02
L2,3.0,162.2,99.92,44.96,10.02
L2,3.0,162.4,99.92,44.96,10.02
L2,3.0,162.6,99.92,44.96,10.02
L2,3.0,162.8,99.92,44.96,10.02
L2,3.0,163.0,99.92,44.96,10.02
L2,3.0,163.2,99.92,44.96,10.02
L2,3.0,163.4,99.92,44.96,10.02
L2,3.0,163.6,99.92,44.96,10.02
L2,3.0,163.8,99.92,44.96,10.02
L2,3.0,164.0,99.92,44.96,10.02
L2,3.0,164.2,99.92,44.96,10.02
L2,3.0,164.4,99.92,44.96,10.02
L2,3.0,164.6,99.92,44.96,10.02
L2,3.0,164.8,99.92,44.96,10.02
L2,3.0,165.0,99.92,44.96,10.02
L2,3.0,165.2,99.92,44.96,10.02
L2,3.0,165.4,99.92,44.96,10.02
L2,3.0,165.6,99.92,44.96,10.02
L2,3.0,165.8,99.92,44.96,10.02
L2,3.0,166.0,99.92,44.96,10.02
L2,3.0,166.2,99.92,44.96,10.02
L2,3.0,166.4,99.92,44.96,10.02
L2,3.0,166.6,99.92,44.96,10.02
L2,3.0,166.8,99.92,44.96,10.02
L2,3.0,167.0,99.92,44.96,10.02
L2,3.0,167.2,99.92,44.96,10.02
L2,3.0,167.4,99.92,44.96,10.02
L2,3.0,167.6,99.92,44.96,10.02
L2,3.0,167.8,99.92,44.96,10.02
L2,3.0,168.0,99.92,44.96,10.02
L2,3.0,168.2,99.92,44.96,10.02
L2,3.0,168.4,99.92,44.96,10.02
L2,3.0,168.6,99.92,44.96,10.02
L2,3.0,168.8,99.92,44.96,10.02
L2,3.0,169.0,99.92,44.96,10.02
L2,3.0,169.2,99.92,44.96,10.02
L2,3.0,169.4,99.92,44.96,10.02
L2,3.0,169.6,99.92,44.96,10.02
L2,3.0,169.8,99.92,44.96,10.02
L2,3.0,170.0,99.92,44.96,10.02
L2,3.0,170.2,99.92,44.96,10.02
L2,3.0,170.4,99.92,44.96,10.02
L2,3.0,170.6,99.92,44.96,10.02
L2,3.0,170.8,99.92,44.96,10.02
L2,3.0,171.0,99.92,44.96,10.02
L2,3.0,171.2,99.92,44.96,10.02
L2,3.0,171.4,99.92,44.96,10.02
L2,3.0,171.6,99.92,44.96,10.02
L2,3.0,171.8,99.92,44.96,10.02
L2,3.0,172.0,99.92,44.96,10.02
L2,3.0,172.2,99.92,44.96,10.02
L2,3.0,172.4,99.92,44.96,10.02
L2,3.0,172.6,99.92,44.96,10.02
L2,3.0,172.8,99.92,44.96,10.02
L2,3.0,173.0,99.92,44.96,10.02
L2,3.0,173.2,99.92,44.96,10.02
L2,3.0,173.4,99.92,44.96,10.02
L2,3.0,173.6,99.92,44.96,10.02
L2,3.0,173.8,99.92,44.96,10.02
L2,3.0,174.0,99.92,44.96,10.02
L2,3.0,174.2,99.92,44.96,10.02
L2,3.0,174.4,99.92,44.96,10.02
L2,3.0,174.6,99.92,44.96,10.02
L2,3.0,174.8,99.92,44.96,10.02
L2,3.0,175.0,99.92,44.96,10.02
L2,3.0,175.2,99.92,44.96,10.02
L2,3.0,175.4,99.92,44.96,10.02
L2,3.0,175.6,99.92,44.96,10.02
L2,3.0,175.8,99.92,44.96,10.02
L2,3.0,176.0,99.92,44.96,10.02
L2,3.0,176.2,99.92,44.96,10.02
L2,3.0,176.4,99.92,44.96,10.02
L2,3.0,176.6,99.92,44.96,10.02
L2,3.0,176.8,99.92,44.96,10.02
L2,3.0,177.0,99.92,44.96,10.02
L2,3.0,177.2,99.92,44.96,10.02
L2,3.0,177.4,99.92,44.96,10.02
L2,3.0,177.6,99.92,44.96,10.02
L2,3.0,177.8,99.92,44.96,10.02
L2,3.0,178.0,99.92,44.96,10.02
L2,3.0,178.2,99.92,44.96,10.02
L2,3.0,178.4,99.92,44.96,10.02
L2,3.0,178.6,99.92,44.96,10.02
L2,3.0,178.8,99.92,44.96,10.02
L2,3.0,179.0,99.92,44.96,10.02
L2,3.0,179.2,99.92,44.96,10.02
L2,3.0,179.4,99.92,44.96,10.02
L2,3.0,179.6,99.92,44.96,10.02
L2,3.0,179.8,99.92,44.96,10.02
L2,3.0,180.0,99.92,44.96,10.02
L2,3.0,180.2,99.92,44.96,10.02
L2,3.0,180.4,99.92,44.96,10.02
L2,3.0,180.6,99.92,44.96,10.02
L2,3.0,180.8,99.92,44.96,10.02
L2,3.0,181.0,99.92,44.96,10.02
L2,3.0,181.2,99.92,44.96,10.02
L2,3.0,181.4,99.92,44.96,10.02
L2,3.0,181.6,99.92,44.96,10.02
L2,3.0,181.8,99.92,44.96,10.02
L2,3.0,182.0,99.92,44.96,10.02
L2,3.0,182.2,99.92,44.96,10.02
L2,3.0,182.4,99.92,44.96,10.02
L2,3.0,182.6,99.92,44.96,10.02
L2,3.0,182.8,99.92,44.96,10.02
L2,3.0,183.0,99.92,44.96,10.02
L2,3.0,183.2,99.92,44.96,10.02
L2,3.0,183.4,99.92,44.96,10.02
L2,3.0,183.6,99.92,44.96,10.02
L2,3.0,183.8,99.92,44.96,10.02
L2,3.0,184.0,99.92,44.96,10.02
L2,3.0,184.2,99.92,44.96,10.02
L2,3.0,184.4,99.92,44.96,10.02
L2,3.0,184.6,99.92,44.96,10.02
L2,3.0,184.8,99.92,44.96,10.02
L2,3.0,185.0,99.92,44.96,10.02
L2,3.0,185.2,99.92,44.96,10.02
L2,3.0,185.4,99.92,44.96,10.02
L2,3.0,185.6,99.92,44.96,10.02
L2,3.0,185.8,99.92,44.96,10.02
L2,3.0,186.0,99.92,44.96,10.02
L2,3.0,186.2,99.92,44.96,10.02
L2,3.0,186.4,99.92,44.96,10.02
L2,3.0,186.6,99.92,44.96,10.02
L2,3.0,186.8,99.92,44.96,10.02
L2,3.0,187.0,99.92,44.96,10.02
L2,3.0,187.2,99.92,44.96,10.02
L2,3.0,187.4,99.92,44.96,10.02
L2,3.0,187.6,99.92,44.96,10.02
L2,3.0,187.8,99.92,44.96,10.02
L2,3.0,188.0,99.92,44.96,10.02
L2,3.0,188.2,99.92,44.96,10.02
L2,3.0,188.4,99.92,44.96,10.02
L2,3.0,188.6,99.92,44.96,10.02
L2,3.0,188.8,99.92,44.96,10.02
L2,3.0,189.0,99.92,44.96,10.02
L2,3.0,189.2,99.92,44.96,10.02
L2,3.0,189.4,99.92,44.96,10.02
L2,3.0,189.6,99.92,44.96,10.02
L2,3.0,189.8,99.92,44.96,10.02
L2,3.0,190.0,99.92,44.96,10.02
L2,3.0,190.2,99.92,44.96,10.02
L2,3.0,190.4,99.92,44.96,10.02
L2,3.0,190.6,99.92,44.96,10.02
L2,3.0,190.8,99.92,44.96,10.02
L2,3.0,191.0,99.92,44.96,10.02
L2,3.0,191.2,99.92,44.96,10.02
L2,3.0,191.4,99.92,44.96,10.02
L2,3.0,191.6,99.92,44.96,10.02
L2,3.0,191.8,99.92,44.96,10.02
L2,3.0,192.0,99.92,44.96,10.02
L2,3.0,192.2,99.92,44.96,10.02
L2,3.0,192.4,99.92,44.96,10.02
L2,3.0,192.6,99.92,44.96,10.02
L2,3.0,192.8,99.92,44.96,10.02
L2,3.0,193.0,99.92,44.96,10.02
L2,3.0,193.2,99.92,44.96,10.02
L2,3.0,193.4,99.92,44.96,10.02
L2,3.0,193.6,99.92,44.96,10.02
L2,3.0,193.8,99.92,44.96,10.02
L2,3.0,194.0,99.92,44.96,10.02
L2,3.0,194.2,99.92,44.96,10.02
L2,3.0,194.4,99.92,44.96,10.02
L2,3.0,194.6,99.92,44.96,10.02
L2,3.0,194.8,99.92,44.96,10.02
L2,3.0,195.0,99.92,44.96,10.02
L2,3.0,195.2,99.92,44.96,10.02
L2,3.0,195.4,99.92,44.96,10.02
L2,3.0,195.6,99.92,44.96,10.02
L2,3.0,195.8,99.92,44.96,10.02
L2,3.0,196.0,99.92,44.96,10.02
L2,3.0,196.2,99.92,44.96,10.02
L2,3.0,196.4,99.92,44.96,10.02
L2,3.0,196.6,99.92,44.96,10.02
L2,3.0,196.8,99.92,44.96,10.02
L2,3.0,197.0,99.92,44.96,10.02
L2,3.0,197.2,99.92,44.96,10.02
L2,3.0,197.4,99.92,44.96,10.02
L2,3.0,197.6,99.92,44.96,10.02
L2,3.0,197.8,99.92,44.96,10.02
L2,3.0,198.0,99.92,44.96,10.02
L2,3.0,198.2,99.92,44.96,10.02
L2,3.0,198.4,99.92,44.96,10.02
L2,3.0,198.6,99.92,44.96,10.02
L2,3.0,198.8,99.92,44.96,10.02
L2,3.0,199.0,99.92,44.96,10.02
L2,3.0,199.2,99.92,44.96,10.02
L2,3.0,199.4,99.92,44.96,10.02
L2,3.0,199.6,99.92,44.96,10.02
L2,3.0,199.8,99.92,44.96,10.02
L2,3.0,200.0,99.92,44.96,10.02
L2,3.0,200.2,99.92,44.96,10.02
L2,3.0,200.4,99.92,44.96,10.02
L2,3.0,200.6,99.92,44.96,10.02
L2,3.0,200.8,99.92,44.96,10.02
L2,3.0,201.0,99.92,44.96,10.02
L2,3.0,201.2,99.92,44.96,10.02
L2,3.0,201.4,99.92,44.96,10.02
L2,3.0,201.6,99.92,44.96,10.02
L2,3.0,201.8,99.92,44.96,10.02
L2,3.0,202.0,99.92,44.96,10.02
L2,3.0,202.2,99.92,44.96,10.02
L2,3.0,202.4,99.92,44.96,10.02
L2,3.0,202.6,99.92,44.96,10.02
L2,3.0,202.8,99.92,44.96,10.02
L2,3.0,203.0,99.92,44.96,10.02
L2,3.0,203.2,99.92,44.96,10.02
L2,3.0,203.4,99.92,44.96,10.02
L2,3.0,203.6,99.92,44.96,10.02
L2,3.0,203.8,99.92,44.96,10.02
L2,3.0,204.0,99.92,44.96,10.02
L2,3.0,204.2,99.92,44.96,10.02
L2,3.0,204.4,99.92,44.96,10.02
L2,3.0,204.6,99.92,44.96,10.02
L2,3.0,204.8,99.92,44.96,10.02
L2,3.0,205.0,99.92,44.96,10.02
L2,3.0,205.2,99.92,44.96,10.02
L2,3.0,205.4,99.92,44.96,10.02
L2,3.0,205.6,99.92,44.96,10.02
L2,3.0,205.8,99.92,44.96,10.02
L2,3.0,206.0,99.92,44.96,10.02
L2,3.0,206.2,99.92,44.96,10.02
L2,3.0,206.4,99.92,44.96,10.02
L2,3.0,206.6,99.92,44.96,10.02
L2,3.0,206.8,99.92,44.96,10.02
L2,3.0,207.0,99.92,44.96,10.02
L2,3.0,207.2,99.92,44.96,10.02
L2,3.0,207.4,99.92,44.96,10.02
L2,3.0,207.6,99.92,44.96,10.02
L2,3.0,207.8,99.92,44.96,10.02
L2,3.0,208.0,99.92,44.96,10.02
L2,3.0,208.2,99.92,44.96,10.02
L2,3.0,208.4,99.92,44.96,10.02
L2,3.0,208.6,99.92,44.96,10.02
L2,3.0,208.8,99.92,44.96,10.02
L2,3.0,209.0,99.92,44.96,10.02
L2,3.0,209.2,99.92,44.96,10.02
L2,3.0,209.4,99.92,44.96,10.02
L2,3.0,209.6,99.92,44.96,10.02
L2,3.0,209.8,99.92,44.96,10.02
L2,3.0,210.0,99.92,44.96,10.02
L2,3.0,210.2,99.92,44.96,10.02
L2,3.0,210.4,99.92,44.96,10.02
L2,3.0,210.6,99.92,44.96,10.02
L2,3.0,210.8,99.92,44.96,10.02
L2,3.0,211.0,99.92,44.96,10.02
L2,3.0,211.2,99.92,44.96,10.02
L2,3.0,211.4,99.92,44.96,10.02
L2,3.0,211.6,99.92,44.96,10.02
L2,3.0,211.8,99.92,44.96,10.02
L2,3.0,212.0,99.92,44.96,10.02
L2,3.0,212.2,99.92,44.96,10.02
L2,3.0,212.4,99.92,44.96,10.02
L2,3.0,212.6,99.92,44.96,10.02
L2,3.0,212.8,99.92,44.96,10.02
L2,3.0,213.0,99.92,44.96,10.02
L2,3.0,213.2,99.92,44.96,10.02
L2,3.0,213.4,99.92,44.96,10.02
L2,3.0,213.6,99.92,44.96,10.02
L2,3.0,213.8,99.92,44.96,10.02
L2,3.0,214.0,99.92,44.96,10.02
L2,3.0,214.2,99.92,44.96,10.02
L2,3.0,214.4,99.92,44.96,10.02
L2,3.0,214.6,99.92,44.96,10.02
L2,3.0,214.8,99.92,44.96,10.02
L2,3.0,215.0,99.92,44.96,10.02
L2,3.0,215.2,99.92,44.96,10.02
L2,3.0,215.4,99.92,44.96,10.02
L2,3.0,215.6,99.92,44.96,10.02
L2,3.0,215.8,99.92,44.96,10.02
L2,3.0,216.0,99.92,44.96,10.02
L2,3.0,216.2,99.92,44.96,10.02
L2,3.0,216.4,99.92,44.96,10.02
L2,3.0,216.6,99.92,44.96,10.02
L2,3.0,216.8,99.92,44.96,10.02
L2,3.0,217.0,99.92,44.96,10.02
L2,3.0,217.2,99.92,44.96,10.02
L2,3.0,217.4,99.92,44.96,10.02
L2,3.0,217.6,99.92,44.96,10.02
L2,3.0,217.8,99.92,44.96,10.02
L2,3.0,218.0,99.92,44.96,10.02
L2,3.0,218.2,99.92,44.96,10.02
L2,3.0,218.4,99.92,44.96,10.02
L2,3.0,218.6,99.92,44.96,10.02
L2,3.0,218.8,99.92,44.96,10.02
L2,3.0,219.0,99.92,44.96,10.02
L2,3.0,219.2,99.92,44.96,10.02
L2,3.0,219.4,99.92,44.96,10.02
L2,3.0,219.6,99.92,44.96,10.02
L2,3.0,219.8,99.92,44.96,10.02
L2,3.0,220.0,99.92,44.96,10.02
L2,3.0,220.2,99.92,44.96,10.02
L2,3.0,220.4,99.92,44.96,10.02
L2,3.0,220.6,99.92,44.96,10.02
L2,3.0,220.8,99.92,44.96,10.02
L2,3.0,221.0,99.92,44.96,10.02
L2,3.0,221.2,99.92,44.96,10.02
L2,3.0,221.4,99.92,44.96,10.02
L2,3.0,221.6,99.92,44.96,10.02
L2,3.0,221.8,99.92,44.96,10.02
L2,3.0,222.0,99.92,44.96,10.02
L2,3.0,222.2,99.92,44.96,10.02
L2,3.0,222.4,99.92,44.96,10.02
L2,3.0,222.6,99.92,44.96,10.02
L2,3.0,222.8,99.92,44.96,10.02
L2,3.0,223.0,99.92,44.96,10.02
L2,3.0,223.2,99.92,44.96,10.02
L2,3.0,223.4,99.92,44.96,10.02
L2,3.0,223.6,99.92,44.96,10.02
L2,3.0,223.8,99.92,44.96,10.02
L2,3.0,224.0,99.92,44.96,10.02
L2,3.0,224.2,99.92,44.96,10.02
L2,3.0,224.4,99.92,44.96,10.02
L2,3.0,224.6,99.92,44.96,10.02
L2,3.0,224.8,99.92,44.96,10.02
L2,3.0,225.0,99.92,44.96,10.02
L2,3.0,225.2,99.92,44.96,10.02
L2,3.0,225.4,99.92,44.96,10.02
L2,3.0,225.6,99.92,44.96,10.02
L2,3.0,225.8,99.92,44.96,10.02
L2,3.0,226.0,99.92,44.96,10.02
L2,3.0,226.2,99.92,44.96,10.02
L2,3.0,226.4,99.92,44.96,10.02
L2,3.0,226.6,99.92,44.96,10.02
L2,3.0,226.8,99.92,44.96,10.02
L2,3.0,227.0,99.92,44.96,10.02
L2,3.0,227.2,99.92,44.96,10.02
L2,3.0,227.4,99.92,44.96,10.02
L2,3.0,227.6,99.92,44.96,10.02
L2,3.0,227.8,99.92,44.96,10.02
L2,3.0,228.0,99.92,44.96,10.02
L2,3.0,228.2,99.92,44.96,10.02
L2,3.0,228.4,99.92,44.96,10.02
L2,3.0,228.6,99.92,44.96,10.02
L2,3.0,228.8,99.92,44.96,10.02
L2,3.0,229.0,99.92,44.96,10.02
L2,3.0,229.2,99.92,44.96,10.02
L2,3.0,229.4,99.92,44.96,10.02
L2,3.0,229.6,99.92,44.96,10.02
L2,3.0,229.8,99.92,44.96,10.02
L2,3.0,230.0,99.92,44.96,10.02
L2,3.0,230.2,99.92,44.96,10.02
L2,3.0,230.4,99.92,44.96,10.02
L2,3.0,230.6,99.92,44.96,10.02
L2,3.0,230.8,99.92,44.96,10.02
L2,3.0,231.0,99.92,44.96,10.02
L2,3.0,231.2,99.92,44.96,10.02
L2,3.0,231.4,99.92,44.96,10.02
L2,3.0,231.6,99.92,44.96,10.02
L2,3.0,231.8,99.92,44.96,10.02
L2,3.0,232.0,99.92,44.96,10.02
L2,3.0,232.2,99.92,44.96,10.02
L2,3.0,232.4,99.92,44.96,10.02
L2,3.0,232.6,99.92,44.96,10.02
L2,3.0,232.8,99.92,44.96,10.02
L2,3.0,233.0,99.92,44.96,10.02
L2,3.0,233.2,99.92,44.96,10.02
L2,3.0,233.4,99.92,44.96,10.02
L2,3.0,233.6,99.92,44.96,10.02
L2,3.0,233.8,99.92,44.96,10.02
L2,3.0,234.0,99.92,44.96,10.02
L2,3.0,234.2,99.92,44.96,10.02
L2,3.0,234.4,99.92,44.96,10.02
L2,3.0,234.6,99.92,44.96,10.02
L2,3.0,234.8,99.92,44.96,10.02
L2,3.0,235.0,99.92,44.96,10.02
L2,3.0,235.2,99.92,44.96,10.02
L2,3.0,235.4,99.92,44.96,10.02
L2,3.0,235.6,99.92,44.96,10.02
L2,3.0,235.8,99.92,44.96,10.02
L2,3.0,236.0,99.92,44.96,10.02
L2,3.0,236.2,99.92,44.96,10.02
L2,3.0,236.4,99.92,44.96,10.02
L2,3.0,236.6,99.92,44.96,10.02
L2,3.0,236.8,99.92,44.96,10.02
L2,3.0,237.0,99.92,44.96,10.02
L2,3.0,237.2,99.92,44.96,10.02
L2,3.0,237.4,99.92,44.96,10.02
L2,3.0,237.6,99.92,44.96,10.02
L2,3.0,237.8,99.92,44.96,10.02
L2,3.0,238.0,99.92,44.96,10.02
L2,3.0,238.2,99.92,44.96,10.02
L2,3.0,238.4,99.92,44.96,10.02
L2,3.0,238.6,99.92,44.96,10.02
L2,3.0,238.8,99.92,44.96,10.02
L2,3.0,239.0,99.92,44.96,10.02
L2,3.0,239.2,99.92,44.96,10.02
L2,3.0,239.4,99.92,44.96,10.02
L2,3.0,239.6,99.92,44.96,10.02
L2,3.0,239.8,99.92,44.96,10.02
L2,3.0,240.0,99.92,44.96,10.02
L2,3.0,240.2,99.92,44.96,10.02
L2,3.0,240.4,99.92,44.96,10.02
L2,3.0,240.6,99.92,44.96,10.02
L2,3.0,240.8,99.92,44.96,10.02
L2,3.0,241.0,99.92,44.96,10.02
L2,3.0,241.2,99.92,44.96,10.02
L2,3.0,241.4,99.92,44.96,10.02
L2,3.0,241.6,99.92,44.96,10.02
L2,3.0,241.8,99.92,44.96,10.02
L2,3.0,242.0,99.92,44.96,10.02
L2,3.0,242.2,99.92,44.96,10.02
L2,3.0,242.4,99.92,44.96,10.02
L2,3.0,242.6,99.92,44.96,10.02
L2,3.0,242.8,99.92,44.96,10.02
L2,3.0,243.0,99.92,44.96,10.02
L2,3.0,243.2,99.92,44.96,10.02
L2,3.0,243.4,99.92,44.96,10.02
L2,3.0,243.6,99.92,44.96,10.02
L2,3.0,243.8,99.92,44.96,10.02
L2,3.0,244.0,99.92,44.96,10.02
L2,3.0,244.2,99.92,44.96,10.02
L2,3.0,244.4,99.92,44.96,10.02
L2,3.0,244.6,99.92,44.96,10.02
L2,3.0,244.8,99.92,44.96,10.02
L2,3.0,245.0,99.92,44.96,10.02
L2,3.0,245.2,99.92,44.96,10.02
L2,3.0,245.4,99.92,44.96,10.02
L2,3.0,245.6,99.92,44.96,10.02
L2,3.0,245.8,99.92,44.96,10.02
L2,3.0,246.0,99.92,44.96,10.02
L2,3.0,246.2,99.92,44.96,10.02
L2,3.0,246.4,99.92,44.96,10.02
L2,3.0,246.6,99.92,44.96,10.02
L2,3.0,246.8,99.92,44.96,10.02
L2,3.0,247.0,99.92,44.96,10.02
L2,3.0,247.2,99.92,44.96,10.02
L2,3.0,247.4,99.92,44.96,10.02
L2,3.0,247.6,99.92,44.96,10.02
L2,3.0,247.8,99.92,44.96,10.02
L2,3.0,248.0,99.92,44.96,10.02
L2,3.0,248.2,99.92,44.96,10.02
L2,3.0,248.4,99.92,44.96,10.02
L2,3.0,248.6,99.92,44.96,10.02
L2,3.0,248.8,99.92,44.96,10.02
L2,3.0,249.0,99.92,44.96,10.02
L2,3.0,249.2,99.92,44.96,10.02
L2,3.0,249.4,99.92,44.96,10.02
L2,3.0,249.6,99.92,44.96,10.02
L2,3.0,249.8,99.92,44.96,10.02
L2,3.0,250.0,99.92,44.96,10.02
L2,3.0,250.2,99.92,44.96,10.02
D1,3.0,0.0,20.0,20.0,10.0
D1,3.0,2.2,21.7,21.7,10.0
D1,3.0,2.4,23.39,23.39,10.0
D1,3.0,2.6,25.09,25.09,10.0
D1,3.0,2.8,26.79,26.79,10.0
D1,3.0,3.0,28.49,28.49,10.0
D1,3.0,3.2,30.18,30.18,10.0
D1,3.0,3.4,31.88,31.88,10.0
D1,3.0,3.6,33.58,33.58,10.0
D1,3.0,3.8,35.27,35.27,10.0
D1,3.0,4.0,36.97,36.97,10.0
D1,3.0,4.2,38.67,38.67,10.0
D1,3.0,4.4,40.36,40.36,10.0
D1,3.0,4.6,42.06,42.06,10.0
D1,3.0,4.8,42.08,42.08,10.0
D1,3.0,5.0,42.08,42.08,10.0
D1,3.0,5.2,42.08,42.08,10.0
D1,3.0,5.4,42.08,42.08,10.0
D1,3.0,5.6,42.08,42.08,10.0
D1,3.0,5.8,41.93,42.24,10.03
D1,3.0,6.0,40.41,43.9,10.06
D1,3.0,6.2,39.04,45.47,10.14
D1,3.0,6.4,37.61,46.99,10.24
D1,3.0,6.6,36.09,48.48,10.32
D1,3.0,6.8,34.46,49.99,10.37
D1,3.0,7.0,32.76,51.59,10.36
D1,3.0,7.2,31.05,53.28,10.31
D1,3.0,7.4,29.34,54.96,10.27
D1,3.0,7.6,27.63,56.64,10.22
D1,3.0,7.8,25.92,58.33,10.17
D1,3.0,8.0,24.21,60.01,10.13
D1,3.0,8.2,22.51,61.7,10.08
D1,3.0,8.4,20.8,63.38,10.04
D1,3.0,8.6,19.45,64.71,10.0
D1,3.0,8.8,21.0,66.0,9.0
D1,3.0,9.0,23.4,66.0,9.0
D1,3.0,9.2,24.0,66.0,9.0
D1,3.0,9.4,26.4,66.0,9.0
D1,3.0,9.6,27.0,66.0,9.0
D1,3.0,9.8,29.4,66.0,9.0
D1,3.0,10.0,30.0,66.0,9.0
D1,3.0,10.2,32.4,66.0,9.0
D1,3.0,10.4,33.0,66.0,9.0
D1,3.0,10.6,35.32,66.78,9.0
D1,3.0,10.8,35.14,69.17,9.0
D1,3.0,11.0,34.97,71.56,9.0
D1,3.0,11.2,34.79,73.96,9.0
D1,3.0,11.4,34.61,76.35,9.0
D1,3.0,11.6,34.43,78.74,9.0
D1,3.0,11.8,34.25,81.14,9.0
D1,3.0,12.0,34.08,83.53,9.0
D1,3.0,12.2,33.9,85.92,9.0
D1,3.0,12.4,33.72,88.32,9.0
D1,3.0,12.6,33.54,90.71,9.0
D1,3.0,12.8,33.36,93.1,9.0
D1,3.0,13.0,33.19,95.5,9.0
D1,3.0,13.2,33.01,97.89,9.0
D1,3.0,13.4,35.26,98.72,9.0
D1,3.0,13.6,36.0,99.0,9.0
D1,3.0,13.8,38.4,99.0,9.0
D1,3.0,14.0,39.0,99.0,9.0
D1,3.0,14.2,41.4,99.0,9.0
D1,3.0,14.4,42.0,99.0,9.0
D1,3.0,14.6,44.4,99.0,9.0
D1,3.0,14.8,45.0,99.0,9.0
D1,3.0,15.0,47.4,99.0,9.0
D1,3.0,15.2,48.0,99.0,9.0
D1,3.0,15.4,50.4,99.0,9.0
D1,3.0,15.6,51.0,99.0,9.0
D1,3.0,15.8,53.4,99.0,9.0
D1,3.0,16.0,54.0,99.0,9.0
D1,3.0,16.2,56.4,99.0,9.0
D1,3.0,16.4,57.0,99.0,9.0
D1,3.0,16.6,58.7,97.3,9.0
D1,3.0,16.8,60.0,96.0,9.0
D1,3.0,17.0,61.7,94.3,9.0
D1,3.0,17.2,63.0,93.0,9.0
D1,3.0,17.4,64.7,91.3,9.0
D1,3.0,17.6,66.0,90.0,9.0
D1,3.0,17.8,67.7,88.3,9.0
D1,3.0,18.0,69.0,87.0,9.0
D1,3.0,18.2,70.7,85.3,9.0
D1,3.0,18.4,72.0,84.0,9.0
D1,3.0,18.6,73.7,82.3,9.0
D1,3.0,18.8,75.0,81.0,9.0
D1,3.0,19.0,77.31,80.54,9.46
D1,3.0,19.2,79.62,80.08,9.92
D1,3.0,19.4,79.62,80.08,9.92
D1,3.0,19.6,79.62,80.08,9.92
D1,3.0,19.8,79.62,80.08,9.92
D1,3.0,20.0,79.62,80.08,9.92
D1,3.0,20.2,79.62,80.08,9.92
D1,3.0,20.4,79.62,80.08,9.92
D1,3.0,20.6,79.62,80.08,9.92
D1,3.0,20.8,79.62,80.08,9.92
D1,3.0,21.0,79.62,80.08,9.92
D1,3.0,21.2,79.62,80.08,9.92
D1,3.0,21.4,79.62,80.08,9.92
D1,3.0,21.6,79.62,80.08,9.92
D1,3.0,21.8,79.62,80.08,9.92
D1,3.0,22.0,79.62,80.08,9.92
D1,3.0,22.2,79.62,80.08,9.92
D1,3.0,22.4,79.62,80.08,9.92
D1,3.0,22.6,79.62,80.08,9.92
D1,3.0,22.8,79.62,80.08,9.92
D1,3.0,23.0,79.62,80.08,9.92
D1,3.0,23.2,79.62,80.08,9.92
D1,3.0,23.4,79.62,80.08,9.92
D1,3.0,23.6,79.62,80.08,9.92
D1,3.0,23.8,79.62,80.08,9.92
D1,3.0,24.0,79.62,80.08,9.92
D1,3.0,24.2,79.62,80.08,9.92
D1,3.0,24.4,79.62,80.08,9.92
D1,3.0,24.6,79.62,80.08,9.92
D1,3.0,24.8,79.62,80.08,9.92
D1,3.0,25.0,79.62,80.08,9.92
D1,3.0,25.2,79.62,80.08,9.92
D1,3.0,25.4,79.62,80.08,9.92
D1,3.0,25.6,79.62,80.08,9.92
D1,3.0,25.8,79.62,80.08,9.92
D1,3.0,26.0,79.62,80.08,9.92
D1,3.0,26.2,79.62,80.08,9.92
D1,3.0,26.4,79.62,80.08,9.92
D1,3.0,26.6,79.62,80.08,9.92
D1,3.0,26.8,79.62,80.08,9.92
D1,3.0,27.0,79.62,80.08,9.92
D1,3.0,27.2,79.62,80.08,9.92
D1,3.0,27.4,79.62,80.08,9.92
D1,3.0,27.6,79.62,80.08,9.92
D1,3.0,27.8,79.62,80.08,9.92
D1,3.0,28.0,79.62,80.08,9.92
D1,3.0,28.2,79.62,80.08,9.92
D1,3.0,28.4,79.62,80.08,9.92
D1,3.0,28.6,79.62,80.08,9.92
D1,3.0,28.8,79.62,80.08,9.92
D1,3.0,29.0,79.62,80.08,9.92
D1,3.0,29.2,79.62,80.08,9.92
D1,3.0,29.4,79.62,80.08,9.92
D1,3.0,29.6,79.62,80.08,9.92
D1,3.0,29.8,79.62,80.08,9.92
D1,3.0,30.0,79.62,80.08,9.92
D1,3.0,30.2,79.62,80.08,9.92
D1,3.0,30.4,79.62,80.08,9.92
D1,3.0,30.6,79.62,80.08,9.92
D1,3.0,30.8,79.62,80.08,9.92
D1,3.0,31.0,79.62,80.08,9.92
D1,3.0,31.2,79.62,80.08,9.92
D1,3.0,31.4,79.62,80.08,9.92
D1,3.0,31.6,79.62,80.08,9.92
D1,3.0,31.8,79.62,80.08,9.92
D1,3.0,32.0,79.62,80.08,9.92
D1,3.0,32.2,79.62,80.08,9.92
D1,3.0,32.4,79.62,80.08,9.92
D1,3.0,32.6,79.62,80.08,9.92
D1,3.0,32.8,79.62,80.08,9.92
D1,3.0,33.0,79.62,80.08,9.92
D1,3.0,33.2,79.62,80.08,9.92
D1,3.0,33.4,79.62,80.08,9.92
D1,3.0,33.6,79.62,80.08,9.92
D1,3.0,33.8,79.62,80.08,9.92
D1,3.0,34.0,79.62,80.08,9.92
D1,3.0,34.2,79.62,80.08,9.92
D1,3.0,34.4,79.62,80.08,9.92
D1,3.0,34.6,79.62,80.08,9.92
D1,3.0,34.8,79.62,80.08,9.92
D1,3.0,35.0,79.62,80.08,9.92
D1,3.0,35.2,79.62,80.08,9.92
D1,3.0,35.4,79.62,80.08,9.92
D1,3.0,35.6,79.62,80.08,9.92
D1,3.0,35.8,79.62,80.08,9.92
D1,3.0,36.0,79.62,80.08,9.92
D1,3.0,36.2,79.62,80.08,9.92
D1,3.0,36.4,79.62,80.08,9.92
D1,3.0,36.6,79.62,80.08,9.92
D1,3.0,36.8,79.62,80.08,9.92
D1,3.0,37.0,79.62,80.08,9.92
D1,3.0,37.2,79.62,80.08,9.92
D1,3.0,37.4,79.62,80.08,9.92
D1,3.0,37.6,79.62,80.08,9.92
D1,3.0,37.8,79.62,80.08,9.92
D1,3.0,38.0,79.62,80.08,9.92
D1,3.0,38.2,79.62,80.08,9.92
D1,3.0,38.4,79.62,80.08,9.92
D1,3.0,38.6,79.62,80.08,9.92
D1,3.0,38.8,79.62,80.08,9.92
D1,3.0,39.0,79.62,80.08,9.92
D1,3.0,39.2,79.62,80.08,9.92
D1,3.0,39.4,79.62,80.08,9.92
D1,3.0,39.6,79.62,80.08,9.92
D1,3.0,39.8,79.62,80.08,9.92
D1,3.0,40.0,79.62,80.08,9.92
D1,3.0,40.2,79.62,80.08,9.92
D1,3.0,40.4,79.62,80.08,9.92
D1,3.0,40.6,79.62,80.08,9.92
D1,3.0,40.8,79.62,80.08,9.92
D1,3.0,41.0,79.62,80.08,9.92
D1,3.0,41.2,79.62,80.08,9.92
D1,3.0,41.4,79.62,80.08,9.92
D1,3.0,41.6,79.62,80.08,9.92
D1,3.0,41.8,79.62,80.08,9.92
D1,3.0,42.0,79.62,80.08,9.92
D1,3.0,42.2,79.62,80.08,9.92
D1,3.0,42.4,79.62,80.08,9.92
D1,3.0,42.6,79.62,80.08,9.92
D1,3.0,42.8,79.62,80.08,9.92
D1,3.0,43.0,79.62,80.08,9.92
D1,3.0,43.2,79.62,80.08,9.92
D1,3.0,43.4,79.62,80.08,9.92
D1,3.0,43.6,79.62,80.08,9.92
D1,3.0,43.8,79.62,80.08,9.92
D1,3.0,44.0,79.62,80.08,9.92
D1,3.0,44.2,79.62,80.08,9.92
D1,3.0,44.4,79.62,80.08,9.92
D1,3.0,44.6,79.62,80.08,9.92
D1,3.0,44.8,79.62,80.08,9.92
D1,3.0,45.0,79.62,80.08,9.92
D1,3.0,45.2,79.62,80.08,9.92
D1,3.0,45.4,79.62,80.08,9.92
D1,3.0,45.6,79.62,80.08,9.92
D1,3.0,45.8,79.62,80.08,9.92
D1,3.0,46.0,79.62,80.08,9.92
D1,3.0,46.2,79.62,80.08,9.92
D1,3.0,46.4,79.62,80.08,9.92
D1,3.0,46.6,79.62,80.08,9.92
D1,3.0,46.8,79.62,80.08,9.92
D1,3.0,47.0,79.62,80.08,9.92
D1,3.0,47.2,79.62,80.08,9.92
D1,3.0,47.4,79.62,80.08,9.92
D1,3.0,47.6,79.62,80.08,9.92
D1,3.0,47.8,79.62,80.08,9.92
D1,3.0,48.0,79.62,80.08,9.92
D1,3.0,48.2,79.62,80.08,9.92
D1,3.0,48.4,79.62,80.08,9.92
D1,3.0,48.6,79.62,80.08,9.92
D1,3.0,48.8,79.62,80.08,9.92
D1,3.0,49.0,79.62,80.08,9.92
D1,3.0,49.2,79.62,80.08,9.92
D1,3.0,49.4,79.62,80.08,9.92
D1,3.0,49.6,79.62,80.08,9.92
D1,3.0,49.8,79.62,80.08,9.92
D1,3.0,50.0,79.62,80.08,9.92
D1,3.0,50.2,79.62,80.08,9.92
D1,3.0,50.4,79.62,80.08,9.92
D1,3.0,50.6,79.62,80.08,9.92
D1,3.0,50.8,79.62,80.08,9.92
D1,3.0,51.0,79.62,80.08,9.92
D1,3.0,51.2,79.62,80.08,9.92
D1,3.0,51.4,79.62,80.08,9.92
D1,3.0,51.6,79.62,80.08,9.92
D1,3.0,51.8,79.62,80.08,9.92
D1,3.0,52.0,79.62,80.08,9.92
D1,3.0,52.2,79.62,80.08,9.92
D1,3.0,52.4,79.62,80.08,9.92
D1,3.0,52.6,79.62,80.08,9.92
D1,3.0,52.8,79.62,80.08,9.92
D1,3.0,53.0,79.62,80.08,9.92
D1,3.0,53.2,79.62,80.08,9.92
D1,3.0,53.4,79.62,80.08,9.92
D1,3.0,53.6,79.62,80.08,9.92
D1,3.0,53.8,79.62,80.08,9.92
D1,3.0,54.0,79.62,80.08,9.92
D1,3.0,54.2,79.62,80.08,9.92
D1,3.0,54.4,79.62,80.08,9.92
D1,3.0,54.6,79.62,80.08,9.92
D1,3.0,54.8,79.62,80.08,9.92
D1,3.0,55.0,79.62,80.08,9.92
D1,3.0,55.2,79.62,80.08,9.92
D1,3.0,55.4,79.62,80.08,9.92
D1,3.0,55.6,79.62,80.08,9.92
D1,3.0,55.8,79.62,80.08,9.92
D1,3.0,56.0,79.62,80.08,9.92
D1,3.0,56.2,79.62,80.08,9.92
D1,3.0,56.4,79.62,80.08,9.92
D1,3.0,56.6,79.62,80.08,9.92
D1,3.0,56.8,79.62,80.08,9.92
D1,3.0,57.0,79.62,80.08,9.92
D1,3.0,57.2,79.62,80.08,9.92
D1,3.0,57.4,79.62,80.08,9.92
D1,3.0,57.6,79.62,80.08,9.92
D1,3.0,57.8,79.62,80.08,9.92
D1,3.0,58.0,79.62,80.08,9.92
D1,3.0,58.2,79.62,80.08,9.92
D1,3.0,58.4,79.62,80.08,9.92
D1,3.0,58.6,79.62,80.08,9.92
D1,3.0,58.8,79.62,80.08,9.92
D1,3.0,59.0,79.62,80.08,9.92
D1,3.0,59.2,79.62,80.08,9.92
D1,3.0,59.4,79.62,80.08,9.92
D1,3.0,59.6,79.62,80.08,9.92
D1,3.0,59.8,79.62,80.08,9.92
D1,3.0,60.0,79.62,80.08,9.92
D1,3.0,60.2,79.62,80.08,9.92
D1,3.0,60.4,79.62,80.08,9.92
D1,3.0,60.6,79.62,80.08,9.92
D1,3.0,60.8,79.62,80.08,9.92
D1,3.0,61.0,79.62,80.08,9.92
D1,3.0,61.2,79.62,80.08,9.92
D1,3.0,61.4,79.62,80.08,9.92
D1,3.0,61.6,79.62,80.08,9.92
D1,3.0,61.8,79.62,80.08,9.92
D1,3.0,62.0,79.62,80.08,9.92
D1,3.0,62.2,79.62,80.08,9.92
D1,3.0,62.4,79.62,80.08,9.92
D1,3.0,62.6,79.62,80.08,9.92
D1,3.0,62.8,79.62,80.08,9.92
D1,3.0,63.0,79.62,80.08,9.92
D1,3.0,63.2,79.62,80.08,9.92
D1,3.0,63.4,79.62,80.08,9.92
D1,3.0,63.6,79.62,80.08,9.92
D1,3.0,63.8,79.62,80.08,9.92
D1,3.0,64.0,79.62,80.08,9.92
D1,3.0,64.2,79.62,80.08,9.92
D1,3.0,64.4,79.62,80.08,9.92
D1,3.0,64.6,79.62,80.08,9.92
D1,3.0,64.8,79.62,80.08,9.92
D1,3.0,65.0,79.62,80.08,9.92
D1,3.0,65.2,79.62,80.08,9.92
D1,3.0,65.4,79.62,80.08,9.92
D1,3.0,65.6,79.62,80.08,9.92
D1,3.0,65.8,79.62,80.08,9.92
D1,3.0,66.0,79.62,80.08,9.92
D1,3.0,66.2,79.62,80.08,9.92
D1,3.0,66.4,79.62,80.08,9.92
D1,3.0,66.6,79.62,80.08,9.92
D1,3.0,66.8,79.62,80.08,9.92
D1,3.0,67.0,79.62,80.08,9.92
D1,3.0,67.2,79.62,80.08,9.92
D1,3.0,67.4,79.62,80.08,9.92
D1,3.0,67.6,79.62,80.08,9.92
D1,3.0,67.8,79.62,80.08,9.92
D1,3.0,68.0,79.62,80.08,9.92
D1,3.0,68.2,79.62,80.08,9.92
D1,3.0,68.4,79.62,80.08,9.92
D1,3.0,68.6,79.62,80.08,9.92
D1,3.0,68.8,79.62,80.08,9.92
D1,3.0,69.0,79.62,80.08,9.92
D1,3.0,69.2,79.62,80.08,9.92
D1,3.0,69.4,79.62,80.08,9.92
D1,3.0,69.6,79.62,80.08,9.92
D1,3.0,69.8,79.62,80.08,9.92
D1,3.0,70.0,79.62,80.08,9.92
D1,3.0,70.2,79.62,80.08,9.92
D1,3.0,70.4,79.62,80.08,9.92
D1,3.0,70.6,79.62,80.08,9.92
D1,3.0,70.8,79.62,80.08,9.92
D1,3.0,71.0,79.62,80.08,9.92
D1,3.0,71.2,79.62,80.08,9.92
D1,3.0,71.4,79.62,80.08,9.92
D1,3.0,71.6,79.62,80.08,9.92
D1,3.0,71.8,79.62,80.08,9.92
D1,3.0,72.0,79.62,80.08,9.92
D1,3.0,72.2,79.62,80.08,9.92
D1,3.0,72.4,79.62,80.08,9.92
D1,3.0,72.6,79.62,80.08,9.92
D1,3.0,72.8,79.62,80.08,9.92
D1,3.0,73.0,79.62,80.08,9.92
D1,3.0,73.2,79.62,80.08,9.92
D1,3.0,73.4,79.62,80.08,9.92
D1,3.0,73.6,79.62,80.08,9.92
D1,3.0,73.8,79.62,80.08,9.92
D1,3.0,74.0,79.62,80.08,9.92
D1,3.0,74.2,79.62,80.08,9.92
D1,3.0,74.4,79.62,80.08,9.92
D1,3.0,74.6,79.62,80.08,9.92
D1,3.0,74.8,79.62,80.08,9.92
D1,3.0,75.0,79.62,80.08,9.92
D1,3.0,75.2,79.62,80.08,9.92
D1,3.0,75.4,79.62,80.08,9.92
D1,3.0,75.6,79.62,80.08,9.92
D1,3.0,75.8,79.62,80.08,9.92
D1,3.0,76.0,79.62,80.08,9.92
D1,3.0,76.2,79.62,80.08,9.92
D1,3.0,76.4,79.62,80.08,9.92
D1,3.0,76.6,79.62,80.08,9.92
D1,3.0,76.8,79.62,80.08,9.92
D1,3.0,77.0,79.62,80.08,9.92
D1,3.0,77.2,79.62,80.08,9.92
D1,3.0,77.4,79.62,80.08,9.92
D1,3.0,77.6,79.62,80.08,9.92
D1,3.0,77.8,79.62,80.08,9.92
D1,3.0,78.0,79.62,80.08,9.92
D1,3.0,78.2,79.62,80.08,9.92
D1,3.0,78.4,79.62,80.08,9.92
D1,3.0,78.6,79.62,80.08,9.92
D1,3.0,78.8,79.62,80.08,9.92
D1,3.0,79.0,79.62,80.08,9.92
D1,3.0,79.2,79.62,80.08,9.92
D1,3.0,79.4,79.62,80.08,9.92
D1,3.0,79.6,79.62,80.08,9.92
D1,3.0,79.8,79.62,80.08,9.92
D1,3.0,80.0,79.62,80.08,9.92
D1,3.0,80.2,79.62,80.08,9.92
D1,3.0,80.4,79.62,80.08,9.92
D1,3.0,80.6,79.62,80.08,9.92
D1,3.0,80.8,79.62,80.08,9.92
D1,3.0,81.0,79.62,80.08,9.92
D1,3.0,81.2,79.62,80.08,9.92
D1,3.0,81.4,79.62,80.08,9.92
D1,3.0,81.6,79.62,80.08,9.92
D1,3.0,81.8,79.62,80.08,9.92
D1,3.0,82.0,79.62,80.08,9.92
D1,3.0,82.2,79.62,80.08,9.92
D1,3.0,82.4,79.62,80.08,9.92
D1,3.0,82.6,79.62,80.08,9.92
D1,3.0,82.8,79.62,80.08,9.92
D1,3.0,83.0,79.62,80.08,9.92
D1,3.0,83.2,79.62,80.08,9.92
D1,3.0,83.4,79.62,80.08,9.92
D1,3.0,83.6,79.62,80.08,9.92
D1,3.0,83.8,79.62,80.08,9.92
D1,3.0,84.0,79.62,80.08,9.92
D1,3.0,84.2,79.62,80.08,9.92
D1,3.0,84.4,79.62,80.08,9.92
D1,3.0,84.6,79.62,80.08,9.92
D1,3.0,84.8,79.62,80.08,9.92
D1,3.0,85.0,79.62,80.08,9.92
D1,3.0,85.2,79.62,80.08,9.92
D1,3.0,85.4,79.62,80.08,9.92
D1,3.0,85.6,79.62,80.08,9.92
D1,3.0,85.8,79.62,80.08,9.92
D1,3.0,86.0,79.62,80.08,9.92
D1,3.0,86.2,79.62,80.08,9.92
D1,3.0,86.4,79.62,80.08,9.92
D1,3.0,86.6,79.62,80.08,9.92
D1,3.0,86.8,79.62,80.08,9.92
D1,3.0,87.0,79.62,80.08,9.92
D1,3.0,87.2,79.62,80.08,9.92
D1,3.0,87.4,79.62,80.08,9.92
D1,3.0,87.6,79.62,80.08,9.92
D1,3.0,87.8,79.62,80.08,9.92
D1,3.0,88.0,79.62,80.08,9.92
D1,3.0,88.2,79.62,80.08,9.92
D1,3.0,88.4,79.62,80.08,9.92
D1,3.0,88.6,79.62,80.08,9.92
D1,3.0,88.8,79.62,80.08,9.92
D1,3.0,89.0,79.62,80.08,9.92
D1,3.0,89.2,79.62,80.08,9.92
D1,3.0,89.4,79.62,80.08,9.92
D1,3.0,89.6,79.62,80.08,9.92
D1,3.0,89.8,79.62,80.08,9.92
D1,3.0,90.0,79.62,80.08,9.92
D1,3.0,90.2,79.62,80.08,9.92
D1,3.0,90.4,79.62,80.08,9.92
D1,3.0,90.6,79.62,80.08,9.92
D1,3.0,90.8,79.62,80.08,9.92
D1,3.0,91.0,79.62,80.08,9.92
D1,3.0,91.2,79.62,80.08,9.92
D1,3.0,91.4,79.62,80.08,9.92
D1,3.0,91.6,79.62,80.08,9.92
D1,3.0,91.8,79.62,80.08,9.92
D1,3.0,92.0,79.62,80.08,9.92
D1,3.0,92.2,79.62,80.08,9.92
D1,3.0,92.4,79.62,80.08,9.92
D1,3.0,92.6,79.62,80.08,9.92
D1,3.0,92.8,79.62,80.08,9.92
D1,3.0,93.0,79.62,80.08,9.92
D1,3.0,93.2,79.62,80.08,9.92
D1,3.0,93.4,79.62,80.08,9.92
D1,3.0,93.6,79.62,80.08,9.92
D1,3.0,93.8,79.62,80.08,9.92
D1,3.0,94.0,79.62,80.08,9.92
D1,3.0,94.2,79.62,80.08,9.92
D1,3.0,94.4,79.62,80.08,9.92
D1,3.0,94.6,79.62,80.08,9.92
D1,3.0,94.8,79.62,80.08,9.92
D1,3.0,95.0,79.62,80.08,9.92
D1,3.0,95.2,79.62,80.08,9.92
D1,3.0,95.4,79.62,80.08,9.92
D1,3.0,95.6,79.62,80.08,9.92
D1,3.0,95.8,79.62,80.08,9.92
D1,3.0,96.0,79.62,80.08,9.92
D1,3.0,96.2,79.62,80.08,9.92
D1,3.0,96.4,79.62,80.08,9.92
D1,3.0,96.6,79.62,80.08,9.92
D1,3.0,96.8,79.62,80.08,9.92
D1,3.0,97.0,79.62,80.08,9.92
D1,3.0,97.2,79.62,80.08,9.92
D1,3.0,97.4,79.62,80.08,9.92
D1,3.0,97.6,79.62,80.08,9.92
D1,3.0,97.8,79.62,80.08,9.92
D1,3.0,98.0,79.62,80.08,9.92
D1,3.0,98.2,79.62,80.08,9.92
D1,3.0,98.4,79.62,80.08,9.92
D1,3.0,98.6,79.62,80.08,9.92
D1,3.0,98.8,79.62,80.08,9.92
D1,3.0,99.0,79.62,80.08,9.92
D1,3.0,99.2,79.62,80.08,9.92
D1,3.0,99.4,79.62,80.08,9.92
D1,3.0,99.6,79.62,80.08,9.92
D1,3.0,99.8,79.62,80.08,9.92
D1,3.0,100.0,79.62,80.08,9.92
D1,3.0,100.2,79.62,80.08,9.92
D1,3.0,100.4,79.62,80.08,9.92
D1,3.0,100.6,79.62,80.08,9.92
D1,3.0,100.8,79.62,80.08,9.92
D1,3.0,101.0,79.62,80.08,9.92
D1,3.0,101.2,79.62,80.08,9.92
D1,3.0,101.4,79.62,80.08,9.92
D1,3.0,101.6,79.62,80.08,9.92
D1,3.0,101.8,79.62,80.08,9.92
D1,3.0,102.0,79.62,80.08,9.92
D1,3.0,102.2,79.62,80.08,9.92
D1,3.0,102.4,79.62,80.08,9.92
D1,3.0,102.6,79.62,80.08,9.92
D1,3.0,102.8,79.62,80.08,9.92
D1,3.0,103.0,79.62,80.08,9.92
D1,3.0,103.2,79.62,80.08,9.92
D1,3.0,103.4,79.62,80.08,9.92
D1,3.0,103.6,79.62,80.08,9.92
D1,3.0,103.8,79.62,80.08,9.92
D1,3.0,104.0,79.62,80.08,9.92
D1,3.0,104.2,79.62,80.08,9.92
D1,3.0,104.4,79.62,80.08,9.92
D1,3.0,104.6,79.62,80.08,9.92
D1,3.0,104.8,79.62,80.08,9.92
D1,3.0,105.0,79.62,80.08,9.92
D1,3.0,105.2,79.62,80.08,9.92
D1,3.0,105.4,79.62,80.08,9.92
D1,3.0,105.6,79.62,80.08,9.92
D1,3.0,105.8,79.62,80.08,9.92
D1,3.0,106.0,79.62,80.08,9.92
D1,3.0,106.2,79.62,80.08,9.92
D1,3.0,106.4,79.62,80.08,9.92
D1,3.0,106.6,79.62,80.08,9.92
D1,3.0,106.8,79.62,80.08,9.92
D1,3.0,107.0,79.62,80.08,9.92
D1,3.0,107.2,79.62,80.08,9.92
D1,3.0,107.4,79.62,80.08,9.92
D1,3.0,107.6,79.62,80.08,9.92
D1,3.0,107.8,79.62,80.08,9.92
D1,3.0,108.0,79.62,80.08,9.92
D1,3.0,108.2,79.62,80.08,9.92
D1,3.0,108.4,79.62,80.08,9.92
D1,3.0,108.6,79.62,80.08,9.92
D1,3.0,108.8,79.62,80.08,9.92
D1,3.0,109.0,79.62,80.08,9.92
D1,3.0,109.2,79.62,80.08,9.92
D1,3.0,109.4,79.62,80.08,9.92
D1,3.0,109.6,79.62,80.08,9.92
D1,3.0,109.8,79.62,80.08,9.92
D1,3.0,110.0,79.62,80.08,9.92
D1,3.0,110.2,79.62,80.08,9.92
D1,3.0,110.4,79.62,80.08,9.92
D1,3.0,110.6,79.62,80.08,9.92
D1,3.0,110.8,79.62,80.08,9.92
D1,3.0,111.0,79.62,80.08,9.92
D1,3.0,111.2,79.62,80.08,9.92
D1,3.0,111.4,79.62,80.08,9.92
D1,3.0,111.6,79.62,80.08,9.92
D1,3.0,111.8,79.62,80.08,9.92
D1,3.0,112.0,79.62,80.08,9.92
D1,3.0,112.2,79.62,80.08,9.92
D1,3.0,112.4,79.62,80.08,9.92
D1,3.0,112.6,79.62,80.08,9.92
D1,3.0,112.8,79.62,80.08,9.92
D1,3.0,113.0,79.62,80.08,9.92
D1,3.0,113.2,79.62,80.08,9.92
D1,3.0,113.4,79.62,80.08,9.92
D1,3.0,113.6,79.62,80.08,9.92
D1,3.0,113.8,79.62,80.08,9.92
D1,3.0,114.0,79.62,80.08,9.92
D1,3.0,114.2,79.62,80.08,9.92
D1,3.0,114.4,79.62,80.08,9.92
D1,3.0,114.6,79.62,80.08,9.92
D1,3.0,114.8,79.62,80.08,9.92
D1,3.0,115.0,79.62,80.08,9.92
D1,3.0,115.2,79.62,80.08,9.92
D1,3.0,115.4,79.62,80.08,9.92
D1,3.0,115.6,79.62,80.08,9.92
D1,3.0,115.8,79.62,80.08,9.92
D1,3.0,116.0,79.62,80.08,9.92
D1,3.0,116.2,79.62,80.08,9.92
D1,3.0,116.4,79.62,80.08,9.92
D1,3.0,116.6,79.62,80.08,9.92
D1,3.0,116.8,79.62,80.08,9.92
D1,3.0,117.0,79.62,80.08,9.92
D1,3.0,117.2,79.62,80.08,9.92
D1,3.0,117.4,79.62,80.08,9.92
D1,3.0,117.6,79.62,80.08,9.92
D1,3.0,117.8,79.62,80.08,9.92
D1,3.0,118.0,79.62,80.08,9.92
D1,3.0,118.2,79.62,80.08,9.92
D1,3.0,118.4,79.62,80.08,9.92
D1,3.0,118.6,79.62,80.08,9.92
D1,3.0,118.8,79.62,80.08,9.92
D1,3.0,119.0,79.62,80.08,9.92
D1,3.0,119.2,79.62,80.08,9.92
D1,3.0,119.4,79.62,80.08,9.92
D1,3.0,119.6,79.62,80.08,9.92
D1,3.0,119.8,79.62,80.08,9.92
D1,3.0,120.0,79.62,80.08,9.92
D1,3.0,120.2,79.62,80.08,9.92
D1,3.0,120.4,79.62,80.08,9.92
D1,3.0,120.6,79.62,80.08,9.92
D1,3.0,120.8,79.62,80.08,9.92
D1,3.0,121.0,79.62,80.08,9.92
D1,3.0,121.2,79.62,80.08,9.92
D1,3.0,121.4,79.62,80.08,9.92
D1,3.0,121.6,79.62,80.08,9.92
D1,3.0,121.8,79.62,80.08,9.92
D1,3.0,122.0,79.62,80.08,9.92
D1,3.0,122.2,79.62,80.08,9.92
D1,3.0,122.4,79.62,80.08,9.92
D1,3.0,122.6,79.62,80.08,9.92
D1,3.0,122.8,79.62,80.08,9.92
D1,3.0,123.0,79.62,80.08,9.92
D1,3.0,123.2,79.62,80.08,9.92
D1,3.0,123.4,79.62,80.08,9.92
D1,3.0,123.6,79.62,80.08,9.92
D1,3.0,123.8,79.62,80.08,9.92
D1,3.0,124.0,79.62,80.08,9.92
D1,3.0,124.2,79.62,80.08,9.92
D1,3.0,124.4,79.62,80.08,9.92
D1,3.0,124.6,79.62,80.08,9.92
D1,3.0,124.8,79.62,80.08,9.92
D1,3.0,125.0,79.62,80.08,9.92
D1,3.0,125.2,79.62,80.08,9.92
D1,3.0,125.4,79.62,80.08,9.92
D1,3.0,125.6,79.62,80.08,9.92
D1,3.0,125.8,79.62,80.08,9.92
D1,3.0,126.0,79.62,80.08,9.92
D1,3.0,126.2,79.62,80.08,9.92
D1,3.0,126.4,79.62,80.08,9.92
D1,3.0,126.6,79.62,80.08,9.92
D1,3.0,126.8,79.62,80.08,9.92
D1,3.0,127.0,79.62,80.08,9.92
D1,3.0,127.2,79.62,80.08,9.92
D1,3.0,127.4,79.62,80.08,9.92
D1,3.0,127.6,79.62,80.08,9.92
D1,3.0,127.8,79.62,80.08,9.92
D1,3.0,128.0,79.62,80.08,9.92
D1,3.0,128.2,79.62,80.08,9.92
D1,3.0,128.4,79.62,80.08,9.92
D1,3.0,128.6,79.62,80.08,9.92
D1,3.0,128.8,79.62,80.08,9.92
D1,3.0,129.0,79.62,80.08,9.92
D1,3.0,129.2,79.62,80.08,9.92
D1,3.0,129.4,79.62,80.08,9.92
D1,3.0,129.6,79.62,80.08,9.92
D1,3.0,129.8,79.62,80.08,9.92
D1,3.0,130.0,79.62,80.08,9.92
D1,3.0,130.2,79.62,80.08,9.92
D1,3.0,130.4,79.62,80.08,9.92
D1,3.0,130.6,79.62,80.08,9.92
D1,3.0,130.8,79.62,80.08,9.92
D1,3.0,131.0,79.62,80.08,9.92
D1,3.0,131.2,79.62,80.08,9.92
D1,3.0,131.4,79.62,80.08,9.92
D1,3.0,131.6,79.62,80.08,9.92
D1,3.0,131.8,79.62,80.08,9.92
D1,3.0,132.0,79.62,80.08,9.92
D1,3.0,132.2,79.62,80.08,9.92
D1,3.0,132.4,79.62,80.08,9.92
D1,3.0,132.6,79.62,80.08,9.92
D1,3.0,132.8,79.62,80.08,9.92
D1,3.0,133.0,79.62,80.08,9.92
D1,3.0,133.2,79.62,80.08,9.92
D1,3.0,133.4,79.62,80.08,9.92
D1,3.0,133.6,79.62,80.08,9.92
D1,3.0,133.8,79.62,80.08,9.92
D1,3.0,134.0,79.62,80.08,9.92
D1,3.0,134.2,79.62,80.08,9.92
D1,3.0,134.4,79.62,80.08,9.92
D1,3.0,134.6,79.62,80.08,9.92
D1,3.0,134.8,79.62,80.08,9.92
D1,3.0,135.0,79.62,80.08,9.92
D1,3.0,135.2,79.62,80.08,9.92
D1,3.0,135.4,79.62,80.08,9.92
D1,3.0,135.6,79.62,80.08,9.92
D1,3.0,135.8,79.62,80.08,9.92
D1,3.0,136.0,79.62,80.08,9.92
D1,3.0,136.2,79.62,80.08,9.92
D1,3.0,136.4,79.62,80.08,9.92
D1,3.0,136.6,79.62,80.08,9.92
D1,3.0,136.8,79.62,80.08,9.92
D1,3.0,137.0,79.62,80.08,9.92
D1,3.0,137.2,79.62,80.08,9.92
D1,3.0,137.4,79.62,80.08,9.92
D1,3.0,137.6,79.62,80.08,9.92
D1,3.0,137.8,79.62,80.08,9.92
D1,3.0,138.0,79.62,80.08,9.92
D1,3.0,138.2,79.62,80.08,9.92
D1,3.0,138.4,79.62,80.08,9.92
D1,3.0,138.6,79.62,80.08,9.92
D1,3.0,138.8,79.62,80.08,9.92
D1,3.0,139.0,79.62,80.08,9.92
D1,3.0,139.2,79.62,80.08,9.92
D1,3.0,139.4,79.62,80.08,9.92
D1,3.0,139.6,79.62,80.08,9.92
D1,3.0,139.8,79.62,80.08,9.92
D1,3.0,140.0,79.62,80.08,9.92
D1,3.0,140.2,79.62,80.08,9.92
D1,3.0,140.4,79.62,80.08,9.92
D1,3.0,140.6,79.62,80.08,9.92
D1,3.0,140.8,79.62,80.08,9.92
D1,3.0,141.0,79.62,80.08,9.92
D1,3.0,141.2,79.62,80.08,9.92
D1,3.0,141.4,79.62,80.08,9.92
D1,3.0,141.6,79.62,80.08,9.92
D1,3.0,141.8,79.62,80.08,9.92
D1,3.0,142.0,79.62,80.08,9.92
D1,3.0,142.2,79.62,80.08,9.92
D1,3.0,142.4,79.62,80.08,9.92
D1,3.0,142.6,79.62,80.08,9.92
D1,3.0,142.8,79.62,80.08,9.92
D1,3.0,143.0,79.62,80.08,9.92
D1,3.0,143.2,79.62,80.08,9.92
D1,3.0,143.4,79.62,80.08,9.92
D1,3.0,143.6,79.62,80.08,9.92
D1,3.0,143.8,79.62,80.08,9.92
D1,3.0,144.0,79.62,80.08,9.92
D1,3.0,144.2,79.62,80.08,9.92
D1,3.0,144.4,79.62,80.08,9.92
D1,3.0,144.6,79.62,80.08,9.92
D1,3.0,144.8,79.62,80.08,9.92
D1,3.0,145.0,79.62,80.08,9.92
D1,3.0,145.2,79.62,80.08,9.92
D1,3.0,145.4,79.62,80.08,9.92
D1,3.0,145.6,79.62,80.08,9.92
D1,3.0,145.8,79.62,80.08,9.92
D1,3.0,146.0,79.62,80.08,9.92
D1,3.0,146.2,79.62,80.08,9.92
D1,3.0,146.4,79.62,80.08,9.92
D1,3.0,146.6,79.62,80.08,9.92
D1,3.0,146.8,79.62,80.08,9.92
D1,3.0,147.0,79.62,80.08,9.92
D1,3.0,147.2,79.62,80.08,9.92
D1,3.0,147.4,79.62,80.08,9.92
D1,3.0,147.6,79.62,80.08,9.92
D1,3.0,147.8,79.62,80.08,9.92
D1,3.0,148.0,79.62,80.08,9.92
D1,3.0,148.2,79.62,80.08,9.92
D1,3.0,148.4,79.62,80.08,9.92
D1,3.0,148.6,79.62,80.08,9.92
D1,3.0,148.8,79.62,80.08,9.92
D1,3.0,149.0,79.62,80.08,9.92
D1,3.0,149.2,79.62,80.08,9.92
D1,3.0,149.4,79.62,80.08,9.92
D1,3.0,149.6,79.62,80.08,9.92
D1,3.0,149.8,79.62,80.08,9.92
D1,3.0,150.0,79.62,80.08,9.92
D1,3.0,150.2,79.62,80.08,9.92
D1,3.0,150.4,79.62,80.08,9.92
D1,3.0,150.6,79.62,80.08,9.92
D1,3.0,150.8,79.62,80.08,9.92
D1,3.0,151.0,79.62,80.08,9.92
D1,3.0,151.2,79.62,80.08,9.92
D1,3.0,151.4,79.62,80.08,9.92
D1,3.0,151.6,79.62,80.08,9.92
D1,3.0,151.8,79.62,80.08,9.92
D1,3.0,152.0,79.62,80.08,9.92
D1,3.0,152.2,79.62,80.08,9.92
D1,3.0,152.4,79.62,80.08,9.92
D1,3.0,152.6,79.62,80.08,9.92
D1,3.0,152.8,79.62,80.08,9.92
D1,3.0,153.0,79.62,80.08,9.92
D1,3.0,153.2,79.62,80.08,9.92
D1,3.0,153.4,79.62,80.08,9.92
D1,3.0,153.6,79.62,80.08,9.92
D1,3.0,153.8,79.62,80.08,9.92
D1,3.0,154.0,79.62,80.08,9.92
D1,3.0,154.2,79.62,80.08,9.92
D1,3.0,154.4,79.62,80.08,9.92
D1,3.0,154.6,79.62,80.08,9.92
D1,3.0,154.8,79.62,80.08,9.92
D1,3.0,155.0,79.62,80.08,9.92
D1,3.0,155.2,79.62,80.08,9.92
D1,3.0,155.4,79.62,80.08,9.92
D1,3.0,155.6,79.62,80.08,9.92
D1,3.0,155.8,79.62,80.08,9.92
D1,3.0,156.0,79.62,80.08,9.92
D1,3.0,156.2,79.62,80.08,9.92
D1,3.0,156.4,79.62,80.08,9.92
D1,3.0,156.6,79.62,80.08,9.92
D1,3.0,156.8,79.62,80.08,9.92
D1,3.0,157.0,79.62,80.08,9.92
D1,3.0,157.2,79.62,80.08,9.92
D1,3.0,157.4,79.62,80.08,9.92
D1,3.0,157.6,79.62,80.08,9.92
D1,3.0,157.8,79.62,80.08,9.92
D1,3.0,158.0,79.62,80.08,9.92
D1,3.0,158.2,79.62,80.08,9.92
D1,3.0,158.4,79.62,80.08,9.92
D1,3.0,158.6,79.62,80.08,9.92
D1,3.0,158.8,79.62,80.08,9.92
D1,3.0,159.0,79.62,80.08,9.92
D1,3.0,159.2,79.62,80.08,9.92
D1,3.0,159.4,79.62,80.08,9.92
D1,3.0,159.6,79.62,80.08,9.92
D1,3.0,159.8,79.62,80.08,9.92
D1,3.0,160.0,79.62,80.08,9.92
D1,3.0,160.2,79.62,80.08,9.92
D1,3.0,160.4,79.62,80.08,9.92
D1,3.0,160.6,79.62,80.08,9.92
D1,3.0,160.8,79.62,80.08,9.92
D1,3.0,161.0,79.62,80.08,9.92
D1,3.0,161.2,79.62,80.08,9.92
D1,3.0,161.4,79.62,80.08,9.92
D1,3.0,161.6,79.62,80.08,9.92
D1,3.0,161.8,79.62,80.08,9.92
D1,3.0,162.0,79.62,80.08,9.92
D1,3.0,162.2,79.62,80.08,9.92
D1,3.0,162.4,79.62,80.08,9.92
D1,3.0,162.6,79.62,80.08,9.92
D1,3.0,162.8,79.62,80.08,9.92
D1,3.0,163.0,79.62,80.08,9.92
D1,3.0,163.2,79.62,80.08,9.92
D1,3.0,163.4,79.62,80.08,9.92
D1,3.0,163.6,79.62,80.08,9.92
D1,3.0,163.8,79.62,80.08,9.92
D1,3.0,164.0,79.62,80.08,9.92
D1,3.0,164.2,79.62,80.08,9.92
D1,3.0,164.4,79.62,80.08,9.92
D1,3.0,164.6,79.62,80.08,9.92
D1,3.0,164.8,79.62,80.08,9.92
D1,3.0,165.0,79.62,80.08,9.92
D1,3.0,165.2,79.62,80.08,9.92
D1,3.0,165.4,79.62,80.08,9.92
D1,3.0,165.6,79.62,80.08,9.92
D1,3.0,165.8,79.62,80.08,9.92
D1,3.0,166.0,79.62,80.08,9.92
D1,3.0,166.2,79.62,80.08,9.92
D1,3.0,166.4,79.62,80.08,9.92
D1,3.0,166.6,79.62,80.08,9.92
D1,3.0,166.8,79.62,80.08,9.92
D1,3.0,167.0,79.62,80.08,9.92
D1,3.0,167.2,79.62,80.08,9.92
D1,3.0,167.4,79.62,80.08,9.92
D1,3.0,167.6,79.62,80.08,9.92
D1,3.0,167.8,79.62,80.08,9.92
D1,3.0,168.0,79.62,80.08,9.92
D1,3.0,168.2,79.62,80.08,9.92
D1,3.0,168.4,79.62,80.08,9.92
D1,3.0,168.6,79.62,80.08,9.92
D1,3.0,168.8,79.62,80.08,9.92
D1,3.0,169.0,79.62,80.08,9.92
D1,3.0,169.2,79.62,80.08,9.92
D1,3.0,169.4,79.62,80.08,9.92
D1,3.0,169.6,79.62,80.08,9.92
D1,3.0,169.8,79.62,80.08,9.92
D1,3.0,170.0,79.62,80.08,9.92
D1,3.0,170.2,79.62,80.08,9.92
D1,3.0,170.4,79.62,80.08,9.92
D1,3.0,170.6,79.62,80.08,9.92
D1,3.0,170.8,79.62,80.08,9.92
D1,3.0,171.0,79.62,80.08,9.92
D1,3.0,171.2,79.62,80.08,9.92
D1,3.0,171.4,79.62,80.08,9.92
D1,3.0,171.6,79.62,80.08,9.92
D1,3.0,171.8,79.62,80.08,9.92
D1,3.0,172.0,79.62,80.08,9.92
D1,3.0,172.2,79.62,80.08,9.92
D1,3.0,172.4,79.62,80.08,9.92
D1,3.0,172.6,79.62,80.08,9.92
D1,3.0,172.8,79.62,80.08,9.92
D1,3.0,173.0,79.62,80.08,9.92
D1,3.0,173.2,79.62,80.08,9.92
D1,3.0,173.4,79.62,80.08,9.92
D1,3.0,173.6,79.62,80.08,9.92
D1,3.0,173.8,79.62,80.08,9.92
D1,3.0,174.0,79.62,80.08,9.92
D1,3.0,174.2,79.62,80.08,9.92
D1,3.0,174.4,79.62,80.08,9.92
D1,3.0,174.6,79.62,80.08,9.92
D1,3.0,174.8,79.62,80.08,9.92
D1,3.0,175.0,79.62,80.08,9.92
D1,3.0,175.2,79.62,80.08,9.92
D1,3.0,175.4,79.62,80.08,9.92
D1,3.0,175.6,79.62,80.08,9.92
D1,3.0,175.8,79.62,80.08,9.92
D1,3.0,176.0,79.62,80.08,9.92
D1,3.0,176.2,79.62,80.08,9.92
D1,3.0,176.4,79.62,80.08,9.92
D1,3.0,176.6,79.62,80.08,9.92
D1,3.0,176.8,79.62,80.08,9.92
D1,3.0,177.0,79.62,80.08,9.92
D1,3.0,177.2,79.62,80.08,9.92
D1,3.0,177.4,79.62,80.08,9.92
D1,3.0,177.6,79.62,80.08,9.92
D1,3.0,177.8,79.62,80.08,9.92
D1,3.0,178.0,79.62,80.08,9.92
D1,3.0,178.2,79.62,80.08,9.92
D1,3.0,178.4,79.62,80.08,9.92
D1,3.0,178.6,79.62,80.08,9.92
D1,3.0,178.8,79.62,80.08,9.92
D1,3.0,179.0,79.62,80.08,9.92
D1,3.0,179.2,79.62,80.08,9.92
D1,3.0,179.4,79.62,80.08,9.92
D1,3.0,179.6,79.62,80.08,9.92
D1,3.0,179.8,79.62,80.08,9.92
D1,3.0,180.0,79.62,80.08,9.92
D1,3.0,180.2,79.62,80.08,9.92
D1,3.0,180.4,79.62,80.08,9.92
D1,3.0,180.6,79.62,80.08,9.92
D1,3.0,180.8,79.62,80.08,9.92
D1,3.0,181.0,79.62,80.08,9.92
D1,3.0,181.2,79.62,80.08,9.92
D1,3.0,181.4,79.62,80.08,9.92
D1,3.0,181.6,79.62,80.08,9.92
D1,3.0,181.8,79.62,80.08,9.92
D1,3.0,182.0,79.62,80.08,9.92
D1,3.0,182.2,79.62,80.08,9.92
D1,3.0,182.4,79.62,80.08,9.92
D1,3.0,182.6,79.62,80.08,9.92
D1,3.0,182.8,79.62,80.08,9.92
D1,3.0,183.0,79.62,80.08,9.92
D1,3.0,183.2,79.62,80.08,9.92
D1,3.0,183.4,79.62,80.08,9.92
D1,3.0,183.6,79.62,80.08,9.92
D1,3.0,183.8,79.62,80.08,9.92
D1,3.0,184.0,79.62,80.08,9.92
D1,3.0,184.2,79.62,80.08,9.92
D1,3.0,184.4,79.62,80.08,9.92
D1,3.0,184.6,79.62,80.08,9.92
D1,3.0,184.8,79.62,80.08,9.92
D1,3.0,185.0,79.62,80.08,9.92
D1,3.0,185.2,79.62,80.08,9.92
D1,3.0,185.4,79.62,80.08,9.92
D1,3.0,185.6,79.62,80.08,9.92
D1,3.0,185.8,79.62,80.08,9.92
D1,3.0,186.0,79.62,80.08,9.92
D1,3.0,186.2,79.62,80.08,9.92
D1,3.0,186.4,79.62,80.08,9.92
D1,3.0,186.6,79.62,80.08,9.92
D1,3.0,186.8,79.62,80.08,9.92
D1,3.0,187.0,79.62,80.08,9.92
D1,3.0,187.2,79.62,80.08,9.92
D1,3.0,187.4,79.62,80.08,9.92
D1,3.0,187.6,79.62,80.08,9.92
D1,3.0,187.8,79.62,80.08,9.92
D1,3.0,188.0,79.62,80.08,9.92
D1,3.0,188.2,79.62,80.08,9.92
D1,3.0,188.4,79.62,80.08,9.92
D1,3.0,188.6,79.62,80.08,9.92
D1,3.0,188.8,79.62,80.08,9.92
D1,3.0,189.0,79.62,80.08,9.92
D1,3.0,189.2,79.62,80.08,9.92
D1,3.0,189.4,79.62,80.08,9.92
D1,3.0,189.6,79.62,80.08,9.92
D1,3.0,189.8,79.62,80.08,9.92
D1,3.0,190.0,79.62,80.08,9.92
D1,3.0,190.2,79.62,80.08,9.92
D1,3.0,190.4,79.62,80.08,9.92
D1,3.0,190.6,79.62,80.08,9.92
D1,3.0,190.8,79.62,80.08,9.92
D1,3.0,191.0,79.62,80.08,9.92
D1,3.0,191.2,79.62,80.08,9.92
D1,3.0,191.4,79.62,80.08,9.92
D1,3.0,191.6,79.62,80.08,9.92
D1,3.0,191.8,79.62,80.08,9.92
D1,3.0,192.0,79.62,80.08,9.92
D1,3.0,192.2,79.62,80.08,9.92
D1,3.0,192.4,79.62,80.08,9.92
D1,3.0,192.6,79.62,80.08,9.92
D1,3.0,192.8,79.62,80.08,9.92
D1,3.0,193.0,79.62,80.08,9.92
D1,3.0,193.2,79.62,80.08,9.92
D1,3.0,193.4,79.62,80.08,9.92
D1,3.0,193.6,79.62,80.08,9.92
D1,3.0,193.8,79.62,80.08,9.92
D1,3.0,194.0,79.62,80.08,9.92
D1,3.0,194.2,79.62,80.08,9.92
D1,3.0,194.4,79.62,80.08,9.92
D1,3.0,194.6,79.62,80.08,9.92
D1,3.0,194.8,79.62,80.08,9.92
D1,3.0,195.0,79.62,80.08,9.92
D1,3.0,195.2,79.62,80.08,9.92
D1,3.0,195.4,79.62,80.08,9.92
D1,3.0,195.6,79.62,80.08,9.92
D1,3.0,195.8,79.62,80.08,9.92
D1,3.0,196.0,79.62,80.08,9.92
D1,3.0,196.2,79.62,80.08,9.92
D1,3.0,196.4,79.62,80.08,9.92
D1,3.0,196.6,79.62,80.08,9.92
D1,3.0,196.8,79.62,80.08,9.92
D1,3.0,197.0,79.62,80.08,9.92
D1,3.0,197.2,79.62,80.08,9.92
D1,3.0,197.4,79.62,80.08,9.92
D1,3.0,197.6,79.62,80.08,9.92
D1,3.0,197.8,79.62,80.08,9.92
D1,3.0,198.0,79.62,80.08,9.92
D1,3.0,198.2,79.62,80.08,9.92
D1,3.0,198.4,79.62,80.08,9.92
D1,3.0,198.6,79.62,80.08,9.92
D1,3.0,198.8,79.62,80.08,9.92
D1,3.0,199.0,79.62,80.08,9.92
D1,3.0,199.2,79.62,80.08,9.92
D1,3.0,199.4,79.62,80.08,9.92
D1,3.0,199.6,79.62,80.08,9.92
D1,3.0,199.8,79.62,80.08,9.92
D1,3.0,200.0,79.62,80.08,9.92
D1,3.0,200.2,79.62,80.08,9.92
D1,3.0,200.4,79.62,80.08,9.92
D1,3.0,200.6,79.62,80.08,9.92
D1,3.0,200.8,79.62,80.08,9.92
D1,3.0,201.0,79.62,80.08,9.92
D1,3.0,201.2,79.62,80.08,9.92
D1,3.0,201.4,79.62,80.08,9.92
D1,3.0,201.6,79.62,80.08,9.92
D1,3.0,201.8,79.62,80.08,9.92
D1,3.0,202.0,79.62,80.08,9.92
D1,3.0,202.2,79.62,80.08,9.92
D1,3.0,202.4,79.62,80.08,9.92
D1,3.0,202.6,79.62,80.08,9.92
D1,3.0,202.8,79.62,80.08,9.92
D1,3.0,203.0,79.62,80.08,9.92
D1,3.0,203.2,79.62,80.08,9.92
D1,3.0,203.4,79.62,80.08,9.92
D1,3.0,203.6,79.62,80.08,9.92
D1,3.0,203.8,79.62,80.08,9.92
D1,3.0,204.0,79.62,80.08,9.92
D1,3.0,204.2,79.62,80.08,9.92
D1,3.0,204.4,79.62,80.08,9.92
D1,3.0,204.6,79.62,80.08,9.92
D1,3.0,204.8,79.62,80.08,9.92
D1,3.0,205.0,79.62,80.08,9.92
D1,3.0,205.2,79.62,80.08,9.92
D1,3.0,205.4,79.62,80.08,9.92
D1,3.0,205.6,79.62,80.08,9.92
D1,3.0,205.8,79.62,80.08,9.92
D1,3.0,206.0,79.62,80.08,9.92
D1,3.0,206.2,79.62,80.08,9.92
D1,3.0,206.4,79.62,80.08,9.92
D1,3.0,206.6,79.62,80.08,9.92
D1,3.0,206.8,79.62,80.08,9.92
D1,3.0,207.0,79.62,80.08,9.92
D1,3.0,207.2,79.62,80.08,9.92
D1,3.0,207.4,79.62,80.08,9.92
D1,3.0,207.6,79.62,80.08,9.92
D1,3.0,207.8,79.62,80.08,9.92
D1,3.0,208.0,79.62,80.08,9.92
D1,3.0,208.2,79.62,80.08,9.92
D1,3.0,208.4,79.62,80.08,9.92
D1,3.0,208.6,79.62,80.08,9.92
D1,3.0,208.8,79.62,80.08,9.92
D1,3.0,209.0,79.62,80.08,9.92
D1,3.0,209.2,79.62,80.08,9.92
D1,3.0,209.4,79.62,80.08,9.92
D1,3.0,209.6,79.62,80.08,9.92
D1,3.0,209.8,79.62,80.08,9.92
D1,3.0,210.0,79.62,80.08,9.92
D1,3.0,210.2,79.62,80.08,9.92
D1,3.0,210.4,79.62,80.08,9.92
D1,3.0,210.6,79.62,80.08,9.92
D1,3.0,210.8,79.62,80.08,9.92
D1,3.0,211.0,79.62,80.08,9.92
D1,3.0,211.2,79.62,80.08,9.92
D1,3.0,211.4,79.62,80.08,9.92
D1,3.0,211.6,79.62,80.08,9.92
D1,3.0,211.8,79.62,80.08,9.92
D1,3.0,212.0,79.62,80.08,9.92
D1,3.0,212.2,79.62,80.08,9.92
D1,3.0,212.4,79.62,80.08,9.92
D1,3.0,212.6,79.62,80.08,9.92
D1,3.0,212.8,79.62,80.08,9.92
D1,3.0,213.0,79.62,80.08,9.92
D1,3.0,213.2,79.62,80.08,9.92
D1,3.0,213.4,79.62,80.08,9.92
D1,3.0,213.6,79.62,80.08,9.92
D1,3.0,213.8,79.62,80.08,9.92
D1,3.0,214.0,79.62,80.08,9.92
D1,3.0,214.2,79.62,80.08,9.92
D1,3.0,214.4,79.62,80.08,9.92
D1,3.0,214.6,79.62,80.08,9.92
D1,3.0,214.8,79.62,80.08,9.92
D1,3.0,215.0,79.62,80.08,9.92
D1,3.0,215.2,79.62,80.08,9.92
D1,3.0,215.4,79.62,80.08,9.92
D1,3.0,215.6,79.62,80.08,9.92
D1,3.0,215.8,79.62,80.08,9.92
D1,3.0,216.0,79.62,80.08,9.92
D1,3.0,216.2,79.62,80.08,9.92
D1,3.0,216.4,79.62,80.08,9.92
D1,3.0,216.6,79.62,80.08,9.92
D1,3.0,216.8,79.62,80.08,9.92
D1,3.0,217.0,79.62,80.08,9.92
D1,3.0,217.2,79.62,80.08,9.92
D1,3.0,217.4,79.62,80.08,9.92
D1,3.0,217.6,79.62,80.08,9.92
D1,3.0,217.8,79.62,80.08,9.92
D1,3.0,218.0,79.62,80.08,9.92
D1,3.0,218.2,79.62,80.08,9.92
D1,3.0,218.4,79.62,80.08,9.92
D1,3.0,218.6,79.62,80.08,9.92
D1,3.0,218.8,79.62,80.08,9.92
D1,3.0,219.0,79.62,80.08,9.92
D1,3.0,219.2,79.62,80.08,9.92
D1,3.0,219.4,79.62,80.08,9.92
D1,3.0,219.6,79.62,80.08,9.92
D1,3.0,219.8,79.62,80.08,9.92
D1,3.0,220.0,79.62,80.08,9.92
D1,3.0,220.2,79.62,80.08,9.92
D1,3.0,220.4,79.62,80.08,9.92
D1,3.0,220.6,79.62,80.08,9.92
D1,3.0,220.8,79.62,80.08,9.92
D1,3.0,221.0,79.62,80.08,9.92
D1,3.0,221.2,79.62,80.08,9.92
D1,3.0,221.4,79.62,80.08,9.92
D1,3.0,221.6,79.62,80.08,9.92
D1,3.0,221.8,79.62,80.08,9.92
D1,3.0,222.0,79.62,80.08,9.92
D1,3.0,222.2,79.62,80.08,9.92
D1,3.0,222.4,79.62,80.08,9.92
D1,3.0,222.6,79.62,80.08,9.92
D1,3.0,222.8,79.62,80.08,9.92
D1,3.0,223.0,79.62,80.08,9.92
D1,3.0,223.2,79.62,80.08,9.92
D1,3.0,223.4,79.62,80.08,9.92
D1,3.0,223.6,79.62,80.08,9.92
D1,3.0,223.8,79.62,80.08,9.92
D1,3.0,224.0,79.62,80.08,9.92
D1,3.0,224.2,79.62,80.08,9.92
D1,3.0,224.4,79.62,80.08,9.92
D1,3.0,224.6,79.62,80.08,9.92
D1,3.0,224.8,79.62,80.08,9.92
D1,3.0,225.0,79.62,80.08,9.92
D1,3.0,225.2,79.62,80.08,9.92
D1,3.0,225.4,79.62,80.08,9.92
D1,3.0,225.6,79.62,80.08,9.92
D1,3.0,225.8,79.62,80.08,9.92
D1,3.0,226.0,79.62,80.08,9.92
D1,3.0,226.2,79.62,80.08,9.92
D1,3.0,226.4,79.62,80.08,9.92
D1,3.0,226.6,79.62,80.08,9.92
D1,3.0,226.8,79.62,80.08,9.92
D1,3.0,227.0,79.62,80.08,9.92
D1,3.0,227.2,79.62,80.08,9.92
D1,3.0,227.4,79.62,80.08,9.92
D1,3.0,227.6,79.62,80.08,9.92
D1,3.0,227.8,79.62,80.08,9.92
D1,3.0,228.0,79.62,80.08,9.92
D1,3.0,228.2,79.62,80.08,9.92
D1,3.0,228.4,79.62,80.08,9.92
D1,3.0,228.6,79.62,80.08,9.92
D1,3.0,228.8,79.62,80.08,9.92
D1,3.0,229.0,79.62,80.08,9.92
D1,3.0,229.2,79.62,80.08,9.92
D1,3.0,229.4,79.62,80.08,9.92
D1,3.0,229.6,79.62,80.08,9.92
D1,3.0,229.8,79.62,80.08,9.92
D1,3.0,230.0,79.62,80.08,9.92
D1,3.0,230.2,79.62,80.08,9.92
D1,3.0,230.4,79.62,80.08,9.92
D1,3.0,230.6,79.62,80.08,9.92
D1,3.0,230.8,79.62,80.08,9.92
D1,3.0,231.0,79.62,80.08,9.92
D1,3.0,231.2,79.62,80.08,9.92
D1,3.0,231.4,79.62,80.08,9.92
D1,3.0,231.6,79.62,80.08,9.92
D1,3.0,231.8,79.62,80.08,9.92
D1,3.0,232.0,79.62,80.08,9.92
D1,3.0,232.2,79.62,80.08,9.92
D1,3.0,232.4,79.62,80.08,9.92
D1,3.0,232.6,79.62,80.08,9.92
D1,3.0,232.8,79.62,80.08,9.92
D1,3.0,233.0,79.62,80.08,9.92
D1,3.0,233.2,79.62,80.08,9.92
D1,3.0,233.4,79.62,80.08,9.92
D1,3.0,233.6,79.62,80.08,9.92
D1,3.0,233.8,79.62,80.08,9.92
D1,3.0,234.0,79.62,80.08,9.92
D1,3.0,234.2,79.62,80.08,9.92
D1,3.0,234.4,79.62,80.08,9.92
D1,3.0,234.6,79.62,80.08,9.92
D1,3.0,234.8,79.62,80.08,9.92
D1,3.0,235.0,79.62,80.08,9.92
D1,3.0,235.2,79.62,80.08,9.92
D1,3.0,235.4,79.62,80.08,9.92
D1,3.0,235.6,79.62,80.08,9.92
D1,3.0,235.8,79.62,80.08,9.92
D1,3.0,236.0,79.62,80.08,9.92
D1,3.0,236.2,79.62,80.08,9.92
D1,3.0,236.4,79.62,80.08,9.92
D1,3.0,236.6,79.62,80.08,9.92
D1,3.0,236.8,79.62,80.08,9.92
D1,3.0,237.0,79.62,80.08,9.92
D1,3.0,237.2,79.62,80.08,9.92
D1,3.0,237.4,79.62,80.08,9.92
D1,3.0,237.6,79.62,80.08,9.92
D1,3.0,237.8,79.62,80.08,9.92
D1,3.0,238.0,79.62,80.08,9.92
D1,3.0,238.2,79.62,80.08,9.92
D1,3.0,238.4,79.62,80.08,9.92
D1,3.0,238.6,79.62,80.08,9.92
D1,3.0,238.8,79.62,80.08,9.92
D1,3.0,239.0,79.62,80.08,9.92
D1,3.0,239.2,79.62,80.08,9.92
D1,3.0,239.4,79.62,80.08,9.92
D1,3.0,239.6,79.62,80.08,9.92
D1,3.0,239.8,79.62,80.08,9.92
D1,3.0,240.0,79.62,80.08,9.92
D1,3.0,240.2,79.62,80.08,9.92
D1,3.0,240.4,79.62,80.08,9.92
D1,3.0,240.6,79.62,80.08,9.92
D1,3.0,240.8,79.62,80.08,9.92
D1,3.0,241.0,79.62,80.08,9.92
D1,3.0,241.2,79.62,80.08,9.92
D1,3.0,241.4,79.62,80.08,9.92
D1,3.0,241.6,79.62,80.08,9.92
D1,3.0,241.8,79.62,80.08,9.92
D1,3.0,242.0,79.62,80.08,9.92
D1,3.0,242.2,79.62,80.08,9.92
D1,3.0,242.4,79.62,80.08,9.92
D1,3.0,242.6,79.62,80.08,9.92
D1,3.0,242.8,79.62,80.08,9.92
D1,3.0,243.0,79.62,80.08,9.92
D1,3.0,243.2,79.62,80.08,9.92
D1,3.0,243.4,79.62,80.08,9.92
D1,3.0,243.6,79.62,80.08,9.92
D1,3.0,243.8,79.62,80.08,9.92
D1,3.0,244.0,79.62,80.08,9.92
D1,3.0,244.2,79.62,80.08,9.92
D1,3.0,244.4,79.62,80.08,9.92
D1,3.0,244.6,79.62,80.08,9.92
D1,3.0,244.8,79.62,80.08,9.92
D1,3.0,245.0,79.62,80.08,9.92
D1,3.0,245.2,79.62,80.08,9.92
D1,3.0,245.4,79.62,80.08,9.92
D1,3.0,245.6,79.62,80.08,9.92
D1,3.0,245.8,79.62,80.08,9.92
D1,3.0,246.0,79.62,80.08,9.92
D1,3.0,246.2,79.62,80.08,9.92
D1,3.0,246.4,79.62,80.08,9.92
D1,3.0,246.6,79.62,80.08,9.92
D1,3.0,246.8,79.62,80.08,9.92
D1,3.0,247.0,79.62,80.08,9.92
D1,3.0,247.2,79.62,80.08,9.92
D1,3.0,247.4,79.62,80.08,9.92
D1,3.0,247.6,79.62,80.08,9.92
D1,3.0,247.8,79.62,80.08,9.92
D1,3.0,248.0,79.62,80.08,9.92
D1,3.0,248.2,79.62,80.08,9.92
D1,3.0,248.4,79.62,80.08,9.92
D1,3.0,248.6,79.62,80.08,9.92
D1,3.0,248.8,79.62,80.08,9.92
D1,3.0,249.0,79.62,80.08,9.92
D1,3.0,249.2,79.62,80.08,9.92
D1,3.0,249.4,79.62,80.08,9.92
D1,3.0,249.6,79.62,80.08,9.92
D1,3.0,249.8,79.62,80.08,9.92
D1,3.0,250.0,79.62,80.08,9.92
D1,3.0,250.2,79.62,80.08,9.92
D2,3.0,0.0,80.0,20.0,10.0
D2,3.0,2.2,78.3,21.7,10.0
D2,3.0,2.4,76.61,23.39,10.0
D2,3.0,2.6,74.91,25.09,10.0
D2,3.0,2.8,73.21,26.79,10.0
D2,3.0,3.0,71.51,28.49,10.0
D2,3.0,3.2,69.82,30.18,10.0
D2,3.0,3.4,68.12,31.88,10.0
D2,3.0,3.6,66.42,33.58,10.0
D2,3.0,3.8,64.73,35.27,10.0
D2,3.0,4.0,63.03,36.97,10.0
D2,3.0,4.2,61.33,38.67,10.0
D2,3.0,4.4,59.64,40.36,10.0
D2,3.0,4.6,57.94,42.06,10.0
D2,3.0,4.8,57.92,42.08,10.0
D2,3.0,5.0,58.88,43.17,10.28
D2,3.0,5.2,60.58,44.86,10.26
D2,3.0,5.4,62.28,46.55,10.24
D2,3.0,5.6,63.98,48.25,10.22
D2,3.0,5.8,65.69,49.94,10.2
D2,3.0,6.0,67.39,51.63,10.17
D2,3.0,6.2,69.09,53.32,10.15
D2,3.0,6.4,70.79,55.01,10.13
D2,3.0,6.6,72.49,56.71,10.11
D2,3.0,6.8,74.2,58.4,10.08
D2,3.0,7.0,75.9,60.09,10.06
D2,3.0,7.2,77.6,61.78,10.04
D2,3.0,7.4,79.3,63.47,10.02
D2,3.0,7.6,80.55,64.71,10.0
D2,3.0,7.8,78.53,65.73,9.21
D2,3.0,8.0,78.0,66.0,9.0
D2,3.0,8.2,75.6,66.0,9.0
D2,3.0,8.4,75.0,66.0,9.0
D2,3.0,8.6,72.6,66.0,9.0
D2,3.0,8.8,72.0,66.0,9.0
D2,3.0,9.0,69.6,66.0,9.0
D2,3.0,9.2,69.0,66.0,9.0
D2,3.0,9.4,66.89,66.24,9.0
D2,3.0,9.6,67.31,68.6,9.0
D2,3.0,9.8,67.74,70.97,9.0
D2,3.0,10.0,68.16,73.33,9.0
D2,3.0,10.2,68.59,75.69,9.0
D2,3.0,10.4,69.0,78.0,9.0
D2,3.0,10.6,66.6,78.0,9.0
D2,3.0,10.8,66.0,78.0,9.0
D2,3.0,11.0,63.6,78.0,9.0
D2,3.0,11.2,63.0,78.0,9.0
D2,3.0,11.4,60.6,78.0,9.0
D2,3.0,11.6,60.0,78.0,9.0
D2,3.0,11.8,57.6,78.0,9.0
D2,3.0,12.0,57.0,78.05,9.0
D2,3.0,12.2,57.12,80.45,9.0
D2,3.0,12.4,57.24,82.84,9.0
D2,3.0,12.6,57.36,85.24,9.0
D2,3.0,12.8,57.48,87.64,9.0
D2,3.0,13.0,57.6,90.0,9.0
D2,3.0,13.2,55.2,90.0,9.0
D2,3.0,13.4,54.0,90.0,9.0
D2,3.0,13.6,51.6,90.0,9.0
D2,3.0,13.8,51.0,90.0,9.0
D2,3.0,14.0,48.6,90.0,9.0
D2,3.0,14.2,48.0,90.0,9.0
D2,3.0,14.4,45.6,90.0,9.0
D2,3.0,14.6,45.0,90.0,9.0
D2,3.0,14.8,42.6,90.0,9.0
D2,3.0,15.0,42.0,90.0,9.0
D2,3.0,15.2,39.6,90.0,9.0
D2,3.0,15.4,39.0,90.0,9.0
D2,3.0,15.6,37.3,88.3,9.0
D2,3.0,15.8,36.0,87.0,9.0
D2,3.0,16.0,33.6,87.0,9.0
D2,3.0,16.2,33.0,87.0,9.0
D2,3.0,16.4,31.3,85.3,9.0
D2,3.0,16.6,30.0,84.0,9.0
D2,3.0,16.8,27.6,84.0,9.0
D2,3.0,17.0,27.0,84.0,9.0
D2,3.0,17.2,24.93,82.82,9.3
D2,3.0,17.4,22.86,81.64,9.59
D2,3.0,17.6,20.8,80.45,9.89
D2,3.0,17.8,20.0,80.0,10.0
D2,3.0,18.0,20.0,80.0,10.0
D2,3.0,18.2,20.0,80.0,10.0
D2,3.0,18.4,20.0,80.0,10.0
D2,3.0,18.6,20.0,80.0,10.0
D2,3.0,18.8,20.0,80.0,10.0
D2,3.0,19.0,20.0,80.0,10.0
D2,3.0,19.2,20.0,80.0,10.0
D2,3.0,19.4,20.0,80.0,10.0
D2,3.0,19.6,20.0,80.0,10.0
D2,3.0,19.8,20.0,80.0,10.0
D2,3.0,20.0,20.0,80.0,10.0
D2,3.0,20.2,20.0,80.0,10.0
D2,3.0,20.4,20.0,80.0,10.0
D2,3.0,20.6,20.0,80.0,10.0
D2,3.0,20.8,20.0,80.0,10.0
D2,3.0,21.0,20.0,80.0,10.0
D2,3.0,21.2,20.0,80.0,10.0
D2,3.0,21.4,20.0,80.0,10.0
D2,3.0,21.6,20.0,80.0,10.0
D2,3.0,21.8,20.0,80.0,10.0
D2,3.0,22.0,20.0,80.0,10.0
D2,3.0,22.2,20.0,80.0,10.0
D2,3.0,22.4,20.0,80.0,10.0
D2,3.0,22.6,20.0,80.0,10.0
D2,3.0,22.8,20.0,80.0,10.0
D2,3.0,23.0,20.0,80.0,10.0
D2,3.0,23.2,20.0,80.0,10.0
D2,3.0,23.4,20.0,80.0,10.0
D2,3.0,23.6,20.0,80.0,10.0
D2,3.0,23.8,20.0,80.0,10.0
D2,3.0,24.0,20.0,80.0,10.0
D2,3.0,24.2,20.0,80.0,10.0
D2,3.0,24.4,20.0,80.0,10.0
D2,3.0,24.6,20.0,80.0,10.0
D2,3.0,24.8,20.0,80.0,10.0
D2,3.0,25.0,20.0,80.0,10.0
D2,3.0,25.2,20.0,80.0,10.0
D2,3.0,25.4,20.0,80.0,10.0
D2,3.0,25.6,20.0,80.0,10.0
D2,3.0,25.8,20.0,80.0,10.0
D2,3.0,26.0,20.0,80.0,10.0
D2,3.0,26.2,20.0,80.0,10.0
D2,3.0,26.4,20.0,80.0,10.0
D2,3.0,26.6,20.0,80.0,10.0
D2,3.0,26.8,20.0,80.0,10.0
D2,3.0,27.0,20.0,80.0,10.0
D2,3.0,27.2,20.0,80.0,10.0
D2,3.0,27.4,20.0,80.0,10.0
D2,3.0,27.6,20.0,80.0,10.0
D2,3.0,27.8,20.0,80.0,10.0
D2,3.0,28.0,20.0,80.0,10.0
D2,3.0,28.2,20.0,80.0,10.0
D2,3.0,28.4,20.0,80.0,10.0
D2,3.0,28.6,20.0,80.0,10.0
D2,3.0,28.8,20.0,80.0,10.0
D2,3.0,29.0,20.0,80.0,10.0
D2,3.0,29.2,20.0,80.0,10.0
D2,3.0,29.4,20.0,80.0,10.0
D2,3.0,29.6,20.0,80.0,10.0
D2,3.0,29.8,20.0,80.0,10.0
D2,3.0,30.0,20.0,80.0,10.0
D2,3.0,30.2,20.0,80.0,10.0
D2,3.0,30.4,20.0,80.0,10.0
D2,3.0,30.6,20.0,80.0,10.0
D2,3.0,30.8,20.0,80.0,10.0
D2,3.0,31.0,20.0,80.0,10.0
D2,3.0,31.2,20.0,80.0,10.0
D2,3.0,31.4,20.0,80.0,10.0
D2,3.0,31.6,20.0,80.0,10.0
D2,3.0,31.8,20.0,80.0,10.0
D2,3.0,32.0,20.0,80.0,10.0
D2,3.0,32.2,20.0,80.0,10.0
D2,3.0,32.4,20.0,80.0,10.0
D2,3.0,32.6,20.0,80.0,10.0
D2,3.0,32.8,20.0,80.0,10.0
D2,3.0,33.0,20.0,80.0,10.0
D2,3.0,33.2,20.0,80.0,10.0
D2,3.0,33.4,20.0,80.0,10.0
D2,3.0,33.6,20.0,80.0,10.0
D2,3.0,33.8,20.0,80.0,10.0
D2,3.0,34.0,20.0,80.0,10.0
D2,3.0,34.2,20.0,80.0,10.0
D2,3.0,34.4,20.0,80.0,10.0
D2,3.0,34.6,20.0,80.0,10.0
D2,3.0,34.8,20.0,80.0,10.0
D2,3.0,35.0,20.0,80.0,10.0
D2,3.0,35.2,20.0,80.0,10.0
D2,3.0,35.4,20.0,80.0,10.0
D2,3.0,35.6,20.0,80.0,10.0
D2,3.0,35.8,20.0,80.0,10.0
D2,3.0,36.0,20.0,80.0,10.0
D2,3.0,36.2,20.0,80.0,10.0
D2,3.0,36.4,20.0,80.0,10.0
D2,3.0,36.6,20.0,80.0,10.0
D2,3.0,36.8,20.0,80.0,10.0
D2,3.0,37.0,20.0,80.0,10.0
D2,3.0,37.2,20.0,80.0,10.0
D2,3.0,37.4,20.0,80.0,10.0
D2,3.0,37.6,20.0,80.0,10.0
D2,3.0,37.8,20.0,80.0,10.0
D2,3.0,38.0,20.0,80.0,10.0
D2,3.0,38.2,20.0,80.0,10.0
D2,3.0,38.4,20.0,80.0,10.0
D2,3.0,38.6,20.0,80.0,10.0
D2,3.0,38.8,20.0,80.0,10.0
D2,3.0,39.0,20.0,80.0,10.0
D2,3.0,39.2,20.0,80.0,10.0
D2,3.0,39.4,20.0,80.0,10.0
D2,3.0,39.6,20.0,80.0,10.0
D2,3.0,39.8,20.0,80.0,10.0
D2,3.0,40.0,20.0,80.0,10.0
D2,3.0,40.2,20.0,80.0,10.0
D2,3.0,40.4,20.0,80.0,10.0
D2,3.0,40.6,20.0,80.0,10.0
D2,3.0,40.8,20.0,80.0,10.0
D2,3.0,41.0,20.0,80.0,10.0
D2,3.0,41.2,20.0,80.0,10.0
D2,3.0,41.4,20.0,80.0,10.0
D2,3.0,41.6,20.0,80.0,10.0
D2,3.0,41.8,20.0,80.0,10.0
D2,3.0,42.0,20.0,80.0,10.0
D2,3.0,42.2,20.0,80.0,10.0
D2,3.0,42.4,20.0,80.0,10.0
D2,3.0,42.6,20.0,80.0,10.0
D2,3.0,42.8,20.0,80.0,10.0
D2,3.0,43.0,20.0,80.0,10.0
D2,3.0,43.2,20.0,80.0,10.0
D2,3.0,43.4,20.0,80.0,10.0
D2,3.0,43.6,20.0,80.0,10.0
D2,3.0,43.8,20.0,80.0,10.0
D2,3.0,44.0,20.0,80.0,10.0
D2,3.0,44.2,20.0,80.0,10.0
D2,3.0,44.4,20.0,80.0,10.0
D2,3.0,44.6,20.0,80.0,10.0
D2,3.0,44.8,20.0,80.0,10.0
D2,3.0,45.0,20.0,80.0,10.0
D2,3.0,45.2,20.0,80.0,10.0
D2,3.0,45.4,20.0,80.0,10.0
D2,3.0,45.6,20.0,80.0,10.0
D2,3.0,45.8,20.0,80.0,10.0
D2,3.0,46.0,20.0,80.0,10.0
D2,3.0,46.2,20.0,80.0,10.0
D2,3.0,46.4,20.0,80.0,10.0
D2,3.0,46.6,20.0,80.0,10.0
D2,3.0,46.8,20.0,80.0,10.0
D2,3.0,47.0,20.0,80.0,10.0
D2,3.0,47.2,20.0,80.0,10.0
D2,3.0,47.4,20.0,80.0,10.0
D2,3.0,47.6,20.0,80.0,10.0
D2,3.0,47.8,20.0,80.0,10.0
D2,3.0,48.0,20.0,80.0,10.0
D2,3.0,48.2,20.0,80.0,10.0
D2,3.0,48.4,20.0,80.0,10.0
D2,3.0,48.6,20.0,80.0,10.0
D2,3.0,48.8,20.0,80.0,10.0
D2,3.0,49.0,20.0,80.0,10.0
D2,3.0,49.2,20.0,80.0,10.0
D2,3.0,49.4,20.0,80.0,10.0
D2,3.0,49.6,20.0,80.0,10.0
D2,3.0,49.8,20.0,80.0,10.0
D2,3.0,50.0,20.0,80.0,10.0
D2,3.0,50.2,20.0,80.0,10.0
D2,3.0,50.4,20.0,80.0,10.0
D2,3.0,50.6,20.0,80.0,10.0
D2,3.0,50.8,20.0,80.0,10.0
D2,3.0,51.0,20.0,80.0,10.0
D2,3.0,51.2,20.0,80.0,10.0
D2,3.0,51.4,20.0,80.0,10.0
D2,3.0,51.6,20.0,80.0,10.0
D2,3.0,51.8,20.0,80.0,10.0
D2,3.0,52.0,20.0,80.0,10.0
D2,3.0,52.2,20.0,80.0,10.0
D2,3.0,52.4,20.0,80.0,10.0
D2,3.0,52.6,20.0,80.0,10.0
D2,3.0,52.8,20.0,80.0,10.0
D2,3.0,53.0,20.0,80.0,10.0
D2,3.0,53.2,20.0,80.0,10.0
D2,3.0,53.4,20.0,80.0,10.0
D2,3.0,53.6,20.0,80.0,10.0
D2,3.0,53.8,20.0,80.0,10.0
D2,3.0,54.0,20.0,80.0,10.0
D2,3.0,54.2,20.0,80.0,10.0
D2,3.0,54.4,20.0,80.0,10.0
D2,3.0,54.6,20.0,80.0,10.0
D2,3.0,54.8,20.0,80.0,10.0
D2,3.0,55.0,20.0,80.0,10.0
D2,3.0,55.2,20.0,80.0,10.0
D2,3.0,55.4,20.0,80.0,10.0
D2,3.0,55.6,20.0,80.0,10.0
D2,3.0,55.8,20.0,80.0,10.0
D2,3.0,56.0,20.0,80.0,10.0
D2,3.0,56.2,20.0,80.0,10.0
D2,3.0,56.4,20.0,80.0,10.0
D2,3.0,56.6,20.0,80.0,10.0
D2,3.0,56.8,20.0,80.0,10.0
D2,3.0,57.0,20.0,80.0,10.0
D2,3.0,57.2,20.0,80.0,10.0
D2,3.0,57.4,20.0,80.0,10.0
D2,3.0,57.6,20.0,80.0,10.0
D2,3.0,57.8,20.0,80.0,10.0
D2,3.0,58.0,20.0,80.0,10.0
D2,3.0,58.2,20.0,80.0,10.0
D2,3.0,58.4,20.0,80.0,10.0
D2,3.0,58.6,20.0,80.0,10.0
D2,3.0,58.8,20.0,80.0,10.0
D2,3.0,59.0,20.0,80.0,10.0
D2,3.0,59.2,20.0,80.0,10.0
D2,3.0,59.4,20.0,80.0,10.0
D2,3.0,59.6,20.0,80.0,10.0
D2,3.0,59.8,20.0,80.0,10.0
D2,3.0,60.0,20.0,80.0,10.0
D2,3.0,60.2,20.0,80.0,10.0
D2,3.0,60.4,20.0,80.0,10.0
D2,3.0,60.6,20.0,80.0,10.0
D2,3.0,60.8,20.0,80.0,10.0
D2,3.0,61.0,20.0,80.0,10.0
D2,3.0,61.2,20.0,80.0,10.0
D2,3.0,61.4,20.0,80.0,10.0
D2,3.0,61.6,20.0,80.0,10.0
D2,3.0,61.8,20.0,80.0,10.0
D2,3.0,62.0,20.0,80.0,10.0
D2,3.0,62.2,20.0,80.0,10.0
D2,3.0,62.4,20.0,80.0,10.0
D2,3.0,62.6,20.0,80.0,10.0
D2,3.0,62.8,20.0,80.0,10.0
D2,3.0,63.0,20.0,80.0,10.0
D2,3.0,63.2,20.0,80.0,10.0
D2,3.0,63.4,20.0,80.0,10.0
D2,3.0,63.6,20.0,80.0,10.0
D2,3.0,63.8,20.0,80.0,10.0
D2,3.0,64.0,20.0,80.0,10.0
D2,3.0,64.2,20.0,80.0,10.0
D2,3.0,64.4,20.0,80.0,10.0
D2,3.0,64.6,20.0,80.0,10.0
D2,3.0,64.8,20.0,80.0,10.0
D2,3.0,65.0,20.0,80.0,10.0
D2,3.0,65.2,20.0,80.0,10.0
D2,3.0,65.4,20.0,80.0,10.0
D2,3.0,65.6,20.0,80.0,10.0
D2,3.0,65.8,20.0,80.0,10.0
D2,3.0,66.0,20.0,80.0,10.0
D2,3.0,66.2,20.0,80.0,10.0
D2,3.0,66.4,20.0,80.0,10.0
D2,3.0,66.6,20.0,80.0,10.0
D2,3.0,66.8,20.0,80.0,10.0
D2,3.0,67.0,20.0,80.0,10.0
D2,3.0,67.2,20.0,80.0,10.0
D2,3.0,67.4,20.0,80.0,10.0
D2,3.0,67.6,20.0,80.0,10.0
D2,3.0,67.8,20.0,80.0,10.0
D2,3.0,68.0,20.0,80.0,10.0
D2,3.0,68.2,20.0,80.0,10.0
D2,3.0,68.4,20.0,80.0,10.0
D2,3.0,68.6,20.0,80.0,10.0
D2,3.0,68.8,20.0,80.0,10.0
D2,3.0,69.0,20.0,80.0,10.0
D2,3.0,69.2,20.0,80.0,10.0
D2,3.0,69.4,20.0,80.0,10.0
D2,3.0,69.6,20.0,80.0,10.0
D2,3.0,69.8,20.0,80.0,10.0
D2,3.0,70.0,20.0,80.0,10.0
D2,3.0,70.2,20.0,80.0,10.0
D2,3.0,70.4,20.0,80.0,10.0
D2,3.0,70.6,20.0,80.0,10.0
D2,3.0,70.8,20.0,80.0,10.0
D2,3.0,71.0,20.0,80.0,10.0
D2,3.0,71.2,20.0,80.0,10.0
D2,3.0,71.4,20.0,80.0,10.0
D2,3.0,71.6,20.0,80.0,10.0
D2,3.0,71.8,20.0,80.0,10.0
D2,3.0,72.0,20.0,80.0,10.0
D2,3.0,72.2,20.0,80.0,10.0
D2,3.0,72.4,20.0,80.0,10.0
D2,3.0,72.6,20.0,80.0,10.0
D2,3.0,72.8,20.0,80.0,10.0
D2,3.0,73.0,20.0,80.0,10.0
D2,3.0,73.2,20.0,80.0,10.0
D2,3.0,73.4,20.0,80.0,10.0
D2,3.0,73.6,20.0,80.0,10.0
D2,3.0,73.8,20.0,80.0,10.0
D2,3.0,74.0,20.0,80.0,10.0
D2,3.0,74.2,20.0,80.0,10.0
D2,3.0,74.4,20.0,80.0,10.0
D2,3.0,74.6,20.0,80.0,10.0
D2,3.0,74.8,20.0,80.0,10.0
D2,3.0,75.0,20.0,80.0,10.0
D2,3.0,75.2,20.0,80.0,10.0
D2,3.0,75.4,20.0,80.0,10.0
D2,3.0,75.6,20.0,80.0,10.0
D2,3.0,75.8,20.0,80.0,10.0
D2,3.0,76.0,20.0,80.0,10.0
D2,3.0,76.2,20.0,80.0,10.0
D2,3.0,76.4,20.0,80.0,10.0
D2,3.0,76.6,20.0,80.0,10.0
D2,3.0,76.8,20.0,80.0,10.0
D2,3.0,77.0,20.0,80.0,10.0
D2,3.0,77.2,20.0,80.0,10.0
D2,3.0,77.4,20.0,80.0,10.0
D2,3.0,77.6,20.0,80.0,10.0
D2,3.0,77.8,20.0,80.0,10.0
D2,3.0,78.0,20.0,80.0,10.0
D2,3.0,78.2,20.0,80.0,10.0
D2,3.0,78.4,20.0,80.0,10.0
D2,3.0,78.6,20.0,80.0,10.0
D2,3.0,78.8,20.0,80.0,10.0
D2,3.0,79.0,20.0,80.0,10.0
D2,3.0,79.2,20.0,80.0,10.0
D2,3.0,79.4,20.0,80.0,10.0
D2,3.0,79.6,20.0,80.0,10.0
D2,3.0,79.8,20.0,80.0,10.0
D2,3.0,80.0,20.0,80.0,10.0
D2,3.0,80.2,20.0,80.0,10.0
D2,3.0,80.4,20.0,80.0,10.0
D2,3.0,80.6,20.0,80.0,10.0
D2,3.0,80.8,20.0,80.0,10.0
D2,3.0,81.0,20.0,80.0,10.0
D2,3.0,81.2,20.0,80.0,10.0
D2,3.0,81.4,20.0,80.0,10.0
D2,3.0,81.6,20.0,80.0,10.0
D2,3.0,81.8,20.0,80.0,10.0
D2,3.0,82.0,20.0,80.0,10.0
D2,3.0,82.2,20.0,80.0,10.0
D2,3.0,82.4,20.0,80.0,10.0
D2,3.0,82.6,20.0,80.0,10.0
D2,3.0,82.8,20.0,80.0,10.0
D2,3.0,83.0,20.0,80.0,10.0
D2,3.0,83.2,20.0,80.0,10.0
D2,3.0,83.4,20.0,80.0,10.0
D2,3.0,83.6,20.0,80.0,10.0
D2,3.0,83.8,20.0,80.0,10.0
D2,3.0,84.0,20.0,80.0,10.0
D2,3.0,84.2,20.0,80.0,10.0
D2,3.0,84.4,20.0,80.0,10.0
D2,3.0,84.6,20.0,80.0,10.0
D2,3.0,84.8,20.0,80.0,10.0
D2,3.0,85.0,20.0,80.0,10.0
D2,3.0,85.2,20.0,80.0,10.0
D2,3.0,85.4,20.0,80.0,10.0
D2,3.0,85.6,20.0,80.0,10.0
D2,3.0,85.8,20.0,80.0,10.0
D2,3.0,86.0,20.0,80.0,10.0
D2,3.0,86.2,20.0,80.0,10.0
D2,3.0,86.4,20.0,80.0,10.0
D2,3.0,86.6,20.0,80.0,10.0
D2,3.0,86.8,20.0,80.0,10.0
D2,3.0,87.0,20.0,80.0,10.0
D2,3.0,87.2,20.0,80.0,10.0
D2,3.0,87.4,20.0,80.0,10.0
D2,3.0,87.6,20.0,80.0,10.0
D2,3.0,87.8,20.0,80.0,10.0
D2,3.0,88.0,20.0,80.0,10.0
D2,3.0,88.2,20.0,80.0,10.0
D2,3.0,88.4,20.0,80.0,10.0
D2,3.0,88.6,20.0,80.0,10.0
D2,3.0,88.8,20.0,80.0,10.0
D2,3.0,89.0,20.0,80.0,10.0
D2,3.0,89.2,20.0,80.0,10.0
D2,3.0,89.4,20.0,80.0,10.0
D2,3.0,89.6,20.0,80.0,10.0
D2,3.0,89.8,20.0,80.0,10.0
D2,3.0,90.0,20.0,80.0,10.0
D2,3.0,90.2,20.0,80.0,10.0
D2,3.0,90.4,20.0,80.0,10.0
D2,3.0,90.6,20.0,80.0,10.0
D2,3.0,90.8,20.0,80.0,10.0
D2,3.0,91.0,20.0,80.0,10.0
D2,3.0,91.2,20.0,80.0,10.0
D2,3.0,91.4,20.0,80.0,10.0
D2,3.0,91.6,20.0,80.0,10.0
D2,3.0,91.8,20.0,80.0,10.0
D2,3.0,92.0,20.0,80.0,10.0
D2,3.0,92.2,20.0,80.0,10.0
D2,3.0,92.4,20.0,80.0,10.0
D2,3.0,92.6,20.0,80.0,10.0
D2,3.0,92.8,20.0,80.0,10.0
D2,3.0,93.0,20.0,80.0,10.0
D2,3.0,93.2,20.0,80.0,10.0
D2,3.0,93.4,20.0,80.0,10.0
D2,3.0,93.6,20.0,80.0,10.0
D2,3.0,93.8,20.0,80.0,10.0
D2,3.0,94.0,20.0,80.0,10.0
D2,3.0,94.2,20.0,80.0,10.0
D2,3.0,94.4,20.0,80.0,10.0
D2,3.0,94.6,20.0,80.0,10.0
D2,3.0,94.8,20.0,80.0,10.0
D2,3.0,95.0,20.0,80.0,10.0
D2,3.0,95.2,20.0,80.0,10.0
D2,3.0,95.4,20.0,80.0,10.0
D2,3.0,95.6,20.0,80.0,10.0
D2,3.0,95.8,20.0,80.0,10.0
D2,3.0,96.0,20.0,80.0,10.0
D2,3.0,96.2,20.0,80.0,10.0
D2,3.0,96.4,20.0,80.0,10.0
D2,3.0,96.6,20.0,80.0,10.0
D2,3.0,96.8,20.0,80.0,10.0
D2,3.0,97.0,20.0,80.0,10.0
D2,3.0,97.2,20.0,80.0,10.0
D2,3.0,97.4,20.0,80.0,10.0
D2,3.0,97.6,20.0,80.0,10.0
D2,3.0,97.8,20.0,80.0,10.0
D2,3.0,98.0,20.0,80.0,10.0
D2,3.0,98.2,20.0,80.0,10.0
D2,3.0,98.4,20.0,80.0,10.0
D2,3.0,98.6,20.0,80.0,10.0
D2,3.0,98.8,20.0,80.0,10.0
D2,3.0,99.0,20.0,80.0,10.0
D2,3.0,99.2,20.0,80.0,10.0
D2,3.0,99.4,20.0,80.0,10.0
D2,3.0,99.6,20.0,80.0,10.0
D2,3.0,99.8,20.0,80.0,10.0
D2,3.0,100.0,20.0,80.0,10.0
D2,3.0,100.2,20.0,80.0,10.0
D2,3.0,100.4,20.0,80.0,10.0
D2,3.0,100.6,20.0,80.0,10.0
D2,3.0,100.8,20.0,80.0,10.0
D2,3.0,101.0,20.0,80.0,10.0
D2,3.0,101.2,20.0,80.0,10.0
D2,3.0,101.4,20.0,80.0,10.0
D2,3.0,101.6,20.0,80.0,10.0
D2,3.0,101.8,20.0,80.0,10.0
D2,3.0,102.0,20.0,80.0,10.0
D2,3.0,102.2,20.0,80.0,10.0
D2,3.0,102.4,20.0,80.0,10.0
D2,3.0,102.6,20.0,80.0,10.0
D2,3.0,102.8,20.0,80.0,10.0
D2,3.0,103.0,20.0,80.0,10.0
D2,3.0,103.2,20.0,80.0,10.0
D2,3.0,103.4,20.0,80.0,10.0
D2,3.0,103.6,20.0,80.0,10.0
D2,3.0,103.8,20.0,80.0,10.0
D2,3.0,104.0,20.0,80.0,10.0
D2,3.0,104.2,20.0,80.0,10.0
D2,3.0,104.4,20.0,80.0,10.0
D2,3.0,104.6,20.0,80.0,10.0
D2,3.0,104.8,20.0,80.0,10.0
D2,3.0,105.0,20.0,80.0,10.0
D2,3.0,105.2,20.0,80.0,10.0
D2,3.0,105.4,20.0,80.0,10.0
D2,3.0,105.6,20.0,80.0,10.0
D2,3.0,105.8,20.0,80.0,10.0
D2,3.0,106.0,20.0,80.0,10.0
D2,3.0,106.2,20.0,80.0,10.0
D2,3.0,106.4,20.0,80.0,10.0
D2,3.0,106.6,20.0,80.0,10.0
D2,3.0,106.8,20.0,80.0,10.0
D2,3.0,107.0,20.0,80.0,10.0
D2,3.0,107.2,20.0,80.0,10.0
D2,3.0,107.4,20.0,80.0,10.0
D2,3.0,107.6,20.0,80.0,10.0
D2,3.0,107.8,20.0,80.0,10.0
D2,3.0,108.0,20.0,80.0,10.0
D2,3.0,108.2,20.0,80.0,10.0
D2,3.0,108.4,20.0,80.0,10.0
D2,3.0,108.6,20.0,80.0,10.0
D2,3.0,108.8,20.0,80.0,10.0
D2,3.0,109.0,20.0,80.0,10.0
D2,3.0,109.2,20.0,80.0,10.0
D2,3.0,109.4,20.0,80.0,10.0
D2,3.0,109.6,20.0,80.0,10.0
D2,3.0,109.8,20.0,80.0,10.0
D2,3.0,110.0,20.0,80.0,10.0
D2,3.0,110.2,20.0,80.0,10.0
D2,3.0,110.4,20.0,80.0,10.0
D2,3.0,110.6,20.0,80.0,10.0
D2,3.0,110.8,20.0,80.0,10.0
D2,3.0,111.0,20.0,80.0,10.0
D2,3.0,111.2,20.0,80.0,10.0
D2,3.0,111.4,20.0,80.0,10.0
D2,3.0,111.6,20.0,80.0,10.0
D2,3.0,111.8,20.0,80.0,10.0
D2,3.0,112.0,20.0,80.0,10.0
D2,3.0,112.2,20.0,80.0,10.0
D2,3.0,112.4,20.0,80.0,10.0
D2,3.0,112.6,20.0,80.0,10.0
D2,3.0,112.8,20.0,80.0,10.0
D2,3.0,113.0,20.0,80.0,10.0
D2,3.0,113.2,20.0,80.0,10.0
D2,3.0,113.4,20.0,80.0,10.0
D2,3.0,113.6,20.0,80.0,10.0
D2,3.0,113.8,20.0,80.0,10.0
D2,3.0,114.0,20.0,80.0,10.0
D2,3.0,114.2,20.0,80.0,10.0
D2,3.0,114.4,20.0,80.0,10.0
D2,3.0,114.6,20.0,80.0,10.0
D2,3.0,114.8,20.0,80.0,10.0
D2,3.0,115.0,20.0,80.0,10.0
D2,3.0,115.2,20.0,80.0,10.0
D2,3.0,115.4,20.0,80.0,10.0
D2,3.0,115.6,20.0,80.0,10.0
D2,3.0,115.8,20.0,80.0,10.0
D2,3.0,116.0,20.0,80.0,10.0
D2,3.0,116.2,20.0,80.0,10.0
D2,3.0,116.4,20.0,80.0,10.0
D2,3.0,116.6,20.0,80.0,10.0
D2,3.0,116.8,20.0,80.0,10.0
D2,3.0,117.0,20.0,80.0,10.0
D2,3.0,117.2,20.0,80.0,10.0
D2,3.0,117.4,20.0,80.0,10.0
D2,3.0,117.6,20.0,80.0,10.0
D2,3.0,117.8,20.0,80.0,10.0
D2,3.0,118.0,20.0,80.0,10.0
D2,3.0,118.2,20.0,80.0,10.0
D2,3.0,118.4,20.0,80.0,10.0
D2,3.0,118.6,20.0,80.0,10.0
D2,3.0,118.8,20.0,80.0,10.0
D2,3.0,119.0,20.0,80.0,10.0
D2,3.0,119.2,20.0,80.0,10.0
D2,3.0,119.4,20.0,80.0,10.0
D2,3.0,119.6,20.0,80.0,10.0
D2,3.0,119.8,20.0,80.0,10.0
D2,3.0,120.0,20.0,80.0,10.0
D2,3.0,120.2,20.0,80.0,10.0
D2,3.0,120.4,20.0,80.0,10.0
D2,3.0,120.6,20.0,80.0,10.0
D2,3.0,120.8,20.0,80.0,10.0
D2,3.0,121.0,20.0,80.0,10.0
D2,3.0,121.2,20.0,80.0,10.0
D2,3.0,121.4,20.0,80.0,10.0
D2,3.0,121.6,20.0,80.0,10.0
D2,3.0,121.8,20.0,80.0,10.0
D2,3.0,122.0,20.0,80.0,10.0
D2,3.0,122.2,20.0,80.0,10.0
D2,3.0,122.4,20.0,80.0,10.0
D2,3.0,122.6,20.0,80.0,10.0
D2,3.0,122.8,20.0,80.0,10.0
D2,3.0,123.0,20.0,80.0,10.0
D2,3.0,123.2,20.0,80.0,10.0
D2,3.0,123.4,20.0,80.0,10.0
D2,3.0,123.6,20.0,80.0,10.0
D2,3.0,123.8,20.0,80.0,10.0
D2,3.0,124.0,20.0,80.0,10.0
D2,3.0,124.2,20.0,80.0,10.0
D2,3.0,124.4,20.0,80.0,10.0
D2,3.0,124.6,20.0,80.0,10.0
D2,3.0,124.8,20.0,80.0,10.0
D2,3.0,125.0,20.0,80.0,10.0
D2,3.0,125.2,20.0,80.0,10.0
D2,3.0,125.4,20.0,80.0,10.0
D2,3.0,125.6,20.0,80.0,10.0
D2,3.0,125.8,20.0,80.0,10.0
D2,3.0,126.0,20.0,80.0,10.0
D2,3.0,126.2,20.0,80.0,10.0
D2,3.0,126.4,20.0,80.0,10.0
D2,3.0,126.6,20.0,80.0,10.0
D2,3.0,126.8,20.0,80.0,10.0
D2,3.0,127.0,20.0,80.0,10.0
D2,3.0,127.2,20.0,80.0,10.0
D2,3.0,127.4,20.0,80.0,10.0
D2,3.0,127.6,20.0,80.0,10.0
D2,3.0,127.8,20.0,80.0,10.0
D2,3.0,128.0,20.0,80.0,10.0
D2,3.0,128.2,20.0,80.0,10.0
D2,3.0,128.4,20.0,80.0,10.0
D2,3.0,128.6,20.0,80.0,10.0
D2,3.0,128.8,20.0,80.0,10.0
D2,3.0,129.0,20.0,80.0,10.0
D2,3.0,129.2,20.0,80.0,10.0
D2,3.0,129.4,20.0,80.0,10.0
D2,3.0,129.6,20.0,80.0,10.0
D2,3.0,129.8,20.0,80.0,10.0
D2,3.0,130.0,20.0,80.0,10.0
D2,3.0,130.2,20.0,80.0,10.0
D2,3.0,130.4,20.0,80.0,10.0
D2,3.0,130.6,20.0,80.0,10.0
D2,3.0,130.8,20.0,80.0,10.0
D2,3.0,131.0,20.0,80.0,10.0
D2,3.0,131.2,20.0,80.0,10.0
D2,3.0,131.4,20.0,80.0,10.0
D2,3.0,131.6,20.0,80.0,10.0
D2,3.0,131.8,20.0,80.0,10.0
D2,3.0,132.0,20.0,80.0,10.0
D2,3.0,132.2,20.0,80.0,10.0
D2,3.0,132.4,20.0,80.0,10.0
D2,3.0,132.6,20.0,80.0,10.0
D2,3.0,132.8,20.0,80.0,10.0
D2,3.0,133.0,20.0,80.0,10.0
D2,3.0,133.2,20.0,80.0,10.0
D2,3.0,133.4,20.0,80.0,10.0
D2,3.0,133.6,20.0,80.0,10.0
D2,3.0,133.8,20.0,80.0,10.0
D2,3.0,134.0,20.0,80.0,10.0
D2,3.0,134.2,20.0,80.0,10.0
D2,3.0,134.4,20.0,80.0,10.0
D2,3.0,134.6,20.0,80.0,10.0
D2,3.0,134.8,20.0,80.0,10.0
D2,3.0,135.0,20.0,80.0,10.0
D2,3.0,135.2,20.0,80.0,10.0
D2,3.0,135.4,20.0,80.0,10.0
D2,3.0,135.6,20.0,80.0,10.0
D2,3.0,135.8,20.0,80.0,10.0
D2,3.0,136.0,20.0,80.0,10.0
D2,3.0,136.2,20.0,80.0,10.0
D2,3.0,136.4,20.0,80.0,10.0
D2,3.0,136.6,20.0,80.0,10.0
D2,3.0,136.8,20.0,80.0,10.0
D2,3.0,137.0,20.0,80.0,10.0
D2,3.0,137.2,20.0,80.0,10.0
D2,3.0,137.4,20.0,80.0,10.0
D2,3.0,137.6,20.0,80.0,10.0
D2,3.0,137.8,20.0,80.0,10.0
D2,3.0,138.0,20.0,80.0,10.0
D2,3.0,138.2,20.0,80.0,10.0
D2,3.0,138.4,20.0,80.0,10.0
D2,3.0,138.6,20.0,80.0,10.0
D2,3.0,138.8,20.0,80.0,10.0
D2,3.0,139.0,20.0,80.0,10.0
D2,3.0,139.2,20.0,80.0,10.0
D2,3.0,139.4,20.0,80.0,10.0
D2,3.0,139.6,20.0,80.0,10.0
D2,3.0,139.8,20.0,80.0,10.0
D2,3.0,140.0,20.0,80.0,10.0
D2,3.0,140.2,20.0,80.0,10.0
D2,3.0,140.4,20.0,80.0,10.0
D2,3.0,140.6,20.0,80.0,10.0
D2,3.0,140.8,20.0,80.0,10.0
D2,3.0,141.0,20.0,80.0,10.0
D2,3.0,141.2,20.0,80.0,10.0
D2,3.0,141.4,20.0,80.0,10.0
D2,3.0,141.6,20.0,80.0,10.0
D2,3.0,141.8,20.0,80.0,10.0
D2,3.0,142.0,20.0,80.0,10.0
D2,3.0,142.2,20.0,80.0,10.0
D2,3.0,142.4,20.0,80.0,10.0
D2,3.0,142.6,20.0,80.0,10.0
D2,3.0,142.8,20.0,80.0,10.0
D2,3.0,143.0,20.0,80.0,10.0
D2,3.0,143.2,20.0,80.0,10.0
D2,3.0,143.4,20.0,80.0,10.0
D2,3.0,143.6,20.0,80.0,10.0
D2,3.0,143.8,20.0,80.0,10.0
D2,3.0,144.0,20.0,80.0,10.0
D2,3.0,144.2,20.0,80.0,10.0
D2,3.0,144.4,20.0,80.0,10.0
D2,3.0,144.6,20.0,80.0,10.0
D2,3.0,144.8,20.0,80.0,10.0
D2,3.0,145.0,20.0,80.0,10.0
D2,3.0,145.2,20.0,80.0,10.0
D2,3.0,145.4,20.0,80.0,10.0
D2,3.0,145.6,20.0,80.0,10.0
D2,3.0,145.8,20.0,80.0,10.0
D2,3.0,146.0,20.0,80.0,10.0
D2,3.0,146.2,20.0,80.0,10.0
D2,3.0,146.4,20.0,80.0,10.0
D2,3.0,146.6,20.0,80.0,10.0
D2,3.0,146.8,20.0,80.0,10.0
D2,3.0,147.0,20.0,80.0,10.0
D2,3.0,147.2,20.0,80.0,10.0
D2,3.0,147.4,20.0,80.0,10.0
D2,3.0,147.6,20.0,80.0,10.0
D2,3.0,147.8,20.0,80.0,10.0
D2,3.0,148.0,20.0,80.0,10.0
D2,3.0,148.2,20.0,80.0,10.0
D2,3.0,148.4,20.0,80.0,10.0
D2,3.0,148.6,20.0,80.0,10.0
D2,3.0,148.8,20.0,80.0,10.0
D2,3.0,149.0,20.0,80.0,10.0
D2,3.0,149.2,20.0,80.0,10.0
D2,3.0,149.4,20.0,80.0,10.0
D2,3.0,149.6,20.0,80.0,10.0
D2,3.0,149.8,20.0,80.0,10.0
D2,3.0,150.0,20.0,80.0,10.0
D2,3.0,150.2,20.0,80.0,10.0
D2,3.0,150.4,20.0,80.0,10.0
D2,3.0,150.6,20.0,80.0,10.0
D2,3.0,150.8,20.0,80.0,10.0
D2,3.0,151.0,20.0,80.0,10.0
D2,3.0,151.2,20.0,80.0,10.0
D2,3.0,151.4,20.0,80.0,10.0
D2,3.0,151.6,20.0,80.0,10.0
D2,3.0,151.8,20.0,80.0,10.0
D2,3.0,152.0,20.0,80.0,10.0
D2,3.0,152.2,20.0,80.0,10.0
D2,3.0,152.4,20.0,80.0,10.0
D2,3.0,152.6,20.0,80.0,10.0
D2,3.0,152.8,20.0,80.0,10.0
D2,3.0,153.0,20.0,80.0,10.0
D2,3.0,153.2,20.0,80.0,10.0
D2,3.0,153.4,20.0,80.0,10.0
D2,3.0,153.6,20.0,80.0,10.0
D2,3.0,153.8,20.0,80.0,10.0
D2,3.0,154.0,20.0,80.0,10.0
D2,3.0,154.2,20.0,80.0,10.0
D2,3.0,154.4,20.0,80.0,10.0
D2,3.0,154.6,20.0,80.0,10.0
D2,3.0,154.8,20.0,80.0,10.0
D2,3.0,155.0,20.0,80.0,10.0
D2,3.0,155.2,20.0,80.0,10.0
D2,3.0,155.4,20.0,80.0,10.0
D2,3.0,155.6,20.0,80.0,10.0
D2,3.0,155.8,20.0,80.0,10.0
D2,3.0,156.0,20.0,80.0,10.0
D2,3.0,156.2,20.0,80.0,10.0
D2,3.0,156.4,20.0,80.0,10.0
D2,3.0,156.6,20.0,80.0,10.0
D2,3.0,156.8,20.0,80.0,10.0
D2,3.0,157.0,20.0,80.0,10.0
D2,3.0,157.2,20.0,80.0,10.0
D2,3.0,157.4,20.0,80.0,10.0
D2,3.0,157.6,20.0,80.0,10.0
D2,3.0,157.8,20.0,80.0,10.0
D2,3.0,158.0,20.0,80.0,10.0
D2,3.0,158.2,20.0,80.0,10.0
D2,3.0,158.4,20.0,80.0,10.0
D2,3.0,158.6,20.0,80.0,10.0
D2,3.0,158.8,20.0,80.0,10.0
D2,3.0,159.0,20.0,80.0,10.0
D2,3.0,159.2,20.0,80.0,10.0
D2,3.0,159.4,20.0,80.0,10.0
D2,3.0,159.6,20.0,80.0,10.0
D2,3.0,159.8,20.0,80.0,10.0
D2,3.0,160.0,20.0,80.0,10.0
D2,3.0,160.2,20.0,80.0,10.0
D2,3.0,160.4,20.0,80.0,10.0
D2,3.0,160.6,20.0,80.0,10.0
D2,3.0,160.8,20.0,80.0,10.0
D2,3.0,161.0,20.0,80.0,10.0
D2,3.0,161.2,20.0,80.0,10.0
D2,3.0,161.4,20.0,80.0,10.0
D2,3.0,161.6,20.0,80.0,10.0
D2,3.0,161.8,20.0,80.0,10.0
D2,3.0,162.0,20.0,80.0,10.0
D2,3.0,162.2,20.0,80.0,10.0
D2,3.0,162.4,20.0,80.0,10.0
D2,3.0,162.6,20.0,80.0,10.0
D2,3.0,162.8,20.0,80.0,10.0
D2,3.0,163.0,20.0,80.0,10.0
D2,3.0,163.2,20.0,80.0,10.0
D2,3.0,163.4,20.0,80.0,10.0
D2,3.0,163.6,20.0,80.0,10.0
D2,3.0,163.8,20.0,80.0,10.0
D2,3.0,164.0,20.0,80.0,10.0
D2,3.0,164.2,20.0,80.0,10.0
D2,3.0,164.4,20.0,80.0,10.0
D2,3.0,164.6,20.0,80.0,10.0
D2,3.0,164.8,20.0,80.0,10.0
D2,3.0,165.0,20.0,80.0,10.0
D2,3.0,165.2,20.0,80.0,10.0
D2,3.0,165.4,20.0,80.0,10.0
D2,3.0,165.6,20.0,80.0,10.0
D2,3.0,165.8,20.0,80.0,10.0
D2,3.0,166.0,20.0,80.0,10.0
D2,3.0,166.2,20.0,80.0,10.0
D2,3.0,166.4,20.0,80.0,10.0
D2,3.0,166.6,20.0,80.0,10.0
D2,3.0,166.8,20.0,80.0,10.0
D2,3.0,167.0,20.0,80.0,10.0
D2,3.0,167.2,20.0,80.0,10.0
D2,3.0,167.4,20.0,80.0,10.0
D2,3.0,167.6,20.0,80.0,10.0
D2,3.0,167.8,20.0,80.0,10.0
D2,3.0,168.0,20.0,80.0,10.0
D2,3.0,168.2,20.0,80.0,10.0
D2,3.0,168.4,20.0,80.0,10.0
D2,3.0,168.6,20.0,80.0,10.0
D2,3.0,168.8,20.0,80.0,10.0
D2,3.0,169.0,20.0,80.0,10.0
D2,3.0,169.2,20.0,80.0,10.0
D2,3.0,169.4,20.0,80.0,10.0
D2,3.0,169.6,20.0,80.0,10.0
D2,3.0,169.8,20.0,80.0,10.0
D2,3.0,170.0,20.0,80.0,10.0
D2,3.0,170.2,20.0,80.0,10.0
D2,3.0,170.4,20.0,80.0,10.0
D2,3.0,170.6,20.0,80.0,10.0
D2,3.0,170.8,20.0,80.0,10.0
D2,3.0,171.0,20.0,80.0,10.0
D2,3.0,171.2,20.0,80.0,10.0
D2,3.0,171.4,20.0,80.0,10.0
D2,3.0,171.6,20.0,80.0,10.0
D2,3.0,171.8,20.0,80.0,10.0
D2,3.0,172.0,20.0,80.0,10.0
D2,3.0,172.2,20.0,80.0,10.0
D2,3.0,172.4,20.0,80.0,10.0
D2,3.0,172.6,20.0,80.0,10.0
D2,3.0,172.8,20.0,80.0,10.0
D2,3.0,173.0,20.0,80.0,10.0
D2,3.0,173.2,20.0,80.0,10.0
D2,3.0,173.4,20.0,80.0,10.0
D2,3.0,173.6,20.0,80.0,10.0
D2,3.0,173.8,20.0,80.0,10.0
D2,3.0,174.0,20.0,80.0,10.0
D2,3.0,174.2,20.0,80.0,10.0
D2,3.0,174.4,20.0,80.0,10.0
D2,3.0,174.6,20.0,80.0,10.0
D2,3.0,174.8,20.0,80.0,10.0
D2,3.0,175.0,20.0,80.0,10.0
D2,3.0,175.2,20.0,80.0,10.0
D2,3.0,175.4,20.0,80.0,10.0
D2,3.0,175.6,20.0,80.0,10.0
D2,3.0,175.8,20.0,80.0,10.0
D2,3.0,176.0,20.0,80.0,10.0
D2,3.0,176.2,20.0,80.0,10.0
D2,3.0,176.4,20.0,80.0,10.0
D2,3.0,176.6,20.0,80.0,10.0
D2,3.0,176.8,20.0,80.0,10.0
D2,3.0,177.0,20.0,80.0,10.0
D2,3.0,177.2,20.0,80.0,10.0
D2,3.0,177.4,20.0,80.0,10.0
D2,3.0,177.6,20.0,80.0,10.0
D2,3.0,177.8,20.0,80.0,10.0
D2,3.0,178.0,20.0,80.0,10.0
D2,3.0,178.2,20.0,80.0,10.0
D2,3.0,178.4,20.0,80.0,10.0
D2,3.0,178.6,20.0,80.0,10.0
D2,3.0,178.8,20.0,80.0,10.0
D2,3.0,179.0,20.0,80.0,10.0
D2,3.0,179.2,20.0,80.0,10.0
D2,3.0,179.4,20.0,80.0,10.0
D2,3.0,179.6,20.0,80.0,10.0
D2,3.0,179.8,20.0,80.0,10.0
D2,3.0,180.0,20.0,80.0,10.0
D2,3.0,180.2,20.0,80.0,10.0
D2,3.0,180.4,20.0,80.0,10.0
D2,3.0,180.6,20.0,80.0,10.0
D2,3.0,180.8,20.0,80.0,10.0
D2,3.0,181.0,20.0,80.0,10.0
D2,3.0,181.2,20.0,80.0,10.0
D2,3.0,181.4,20.0,80.0,10.0
D2,3.0,181.6,20.0,80.0,10.0
D2,3.0,181.8,20.0,80.0,10.0
D2,3.0,182.0,20.0,80.0,10.0
D2,3.0,182.2,20.0,80.0,10.0
D2,3.0,182.4,20.0,80.0,10.0
D2,3.0,182.6,20.0,80.0,10.0
D2,3.0,182.8,20.0,80.0,10.0
D2,3.0,183.0,20.0,80.0,10.0
D2,3.0,183.2,20.0,80.0,10.0
D2,3.0,183.4,20.0,80.0,10.0
D2,3.0,183.6,20.0,80.0,10.0
D2,3.0,183.8,20.0,80.0,10.0
D2,3.0,184.0,20.0,80.0,10.0
D2,3.0,184.2,20.0,80.0,10.0
D2,3.0,184.4,20.0,80.0,10.0
D2,3.0,184.6,20.0,80.0,10.0
D2,3.0,184.8,20.0,80.0,10.0
D2,3.0,185.0,20.0,80.0,10.0
D2,3.0,185.2,20.0,80.0,10.0
D2,3.0,185.4,20.0,80.0,10.0
D2,3.0,185.6,20.0,80.0,10.0
D2,3.0,185.8,20.0,80.0,10.0
D2,3.0,186.0,20.0,80.0,10.0
D2,3.0,186.2,20.0,80.0,10.0
D2,3.0,186.4,20.0,80.0,10.0
D2,3.0,186.6,20.0,80.0,10.0
D2,3.0,186.8,20.0,80.0,10.0
D2,3.0,187.0,20.0,80.0,10.0
D2,3.0,187.2,20.0,80.0,10.0
D2,3.0,187.4,20.0,80.0,10.0
D2,3.0,187.6,20.0,80.0,10.0
D2,3.0,187.8,20.0,80.0,10.0
D2,3.0,188.0,20.0,80.0,10.0
D2,3.0,188.2,20.0,80.0,10.0
D2,3.0,188.4,20.0,80.0,10.0
D2,3.0,188.6,20.0,80.0,10.0
D2,3.0,188.8,20.0,80.0,10.0
D2,3.0,189.0,20.0,80.0,10.0
D2,3.0,189.2,20.0,80.0,10.0
D2,3.0,189.4,20.0,80.0,10.0
D2,3.0,189.6,20.0,80.0,10.0
D2,3.0,189.8,20.0,80.0,10.0
D2,3.0,190.0,20.0,80.0,10.0
D2,3.0,190.2,20.0,80.0,10.0
D2,3.0,190.4,20.0,80.0,10.0
D2,3.0,190.6,20.0,80.0,10.0
D2,3.0,190.8,20.0,80.0,10.0
D2,3.0,191.0,20.0,80.0,10.0
D2,3.0,191.2,20.0,80.0,10.0
D2,3.0,191.4,20.0,80.0,10.0
D2,3.0,191.6,20.0,80.0,10.0
D2,3.0,191.8,20.0,80.0,10.0
D2,3.0,192.0,20.0,80.0,10.0
D2,3.0,192.2,20.0,80.0,10.0
D2,3.0,192.4,20.0,80.0,10.0
D2,3.0,192.6,20.0,80.0,10.0
D2,3.0,192.8,20.0,80.0,10.0
D2,3.0,193.0,20.0,80.0,10.0
D2,3.0,193.2,20.0,80.0,10.0
D2,3.0,193.4,20.0,80.0,10.0
D2,3.0,193.6,20.0,80.0,10.0
D2,3.0,193.8,20.0,80.0,10.0
D2,3.0,194.0,20.0,80.0,10.0
D2,3.0,194.2,20.0,80.0,10.0
D2,3.0,194.4,20.0,80.0,10.0
D2,3.0,194.6,20.0,80.0,10.0
D2,3.0,194.8,20.0,80.0,10.0
D2,3.0,195.0,20.0,80.0,10.0
D2,3.0,195.2,20.0,80.0,10.0
D2,3.0,195.4,20.0,80.0,10.0
D2,3.0,195.6,20.0,80.0,10.0
D2,3.0,195.8,20.0,80.0,10.0
D2,3.0,196.0,20.0,80.0,10.0
D2,3.0,196.2,20.0,80.0,10.0
D2,3.0,196.4,20.0,80.0,10.0
D2,3.0,196.6,20.0,80.0,10.0
D2,3.0,196.8,20.0,80.0,10.0
D2,3.0,197.0,20.0,80.0,10.0
D2,3.0,197.2,20.0,80.0,10.0
D2,3.0,197.4,20.0,80.0,10.0
D2,3.0,197.6,20.0,80.0,10.0
D2,3.0,197.8,20.0,80.0,10.0
D2,3.0,198.0,20.0,80.0,10.0
D2,3.0,198.2,20.0,80.0,10.0
D2,3.0,198.4,20.0,80.0,10.0
D2,3.0,198.6,20.0,80.0,10.0
D2,3.0,198.8,20.0,80.0,10.0
D2,3.0,199.0,20.0,80.0,10.0
D2,3.0,199.2,20.0,80.0,10.0
D2,3.0,199.4,20.0,80.0,10.0
D2,3.0,199.6,20.0,80.0,10.0
D2,3.0,199.8,20.0,80.0,10.0
D2,3.0,200.0,20.0,80.0,10.0
D2,3.0,200.2,20.0,80.0,10.0
D2,3.0,200.4,20.0,80.0,10.0
D2,3.0,200.6,20.0,80.0,10.0
D2,3.0,200.8,20.0,80.0,10.0
D2,3.0,201.0,20.0,80.0,10.0
D2,3.0,201.2,20.0,80.0,10.0
D2,3.0,201.4,20.0,80.0,10.0
D2,3.0,201.6,20.0,80.0,10.0
D2,3.0,201.8,20.0,80.0,10.0
D2,3.0,202.0,20.0,80.0,10.0
D2,3.0,202.2,20.0,80.0,10.0
D2,3.0,202.4,20.0,80.0,10.0
D2,3.0,202.6,20.0,80.0,10.0
D2,3.0,202.8,20.0,80.0,10.0
D2,3.0,203.0,20.0,80.0,10.0
D2,3.0,203.2,20.0,80.0,10.0
D2,3.0,203.4,20.0,80.0,10.0
D2,3.0,203.6,20.0,80.0,10.0
D2,3.0,203.8,20.0,80.0,10.0
D2,3.0,204.0,20.0,80.0,10.0
D2,3.0,204.2,20.0,80.0,10.0
D2,3.0,204.4,20.0,80.0,10.0
D2,3.0,204.6,20.0,80.0,10.0
D2,3.0,204.8,20.0,80.0,10.0
D2,3.0,205.0,20.0,80.0,10.0
D2,3.0,205.2,20.0,80.0,10.0
D2,3.0,205.4,20.0,80.0,10.0
D2,3.0,205.6,20.0,80.0,10.0
D2,3.0,205.8,20.0,80.0,10.0
D2,3.0,206.0,20.0,80.0,10.0
D2,3.0,206.2,20.0,80.0,10.0
D2,3.0,206.4,20.0,80.0,10.0
D2,3.0,206.6,20.0,80.0,10.0
D2,3.0,206.8,20.0,80.0,10.0
D2,3.0,207.0,20.0,80.0,10.0
D2,3.0,207.2,20.0,80.0,10.0
D2,3.0,207.4,20.0,80.0,10.0
D2,3.0,207.6,20.0,80.0,10.0
D2,3.0,207.8,20.0,80.0,10.0
D2,3.0,208.0,20.0,80.0,10.0
D2,3.0,208.2,20.0,80.0,10.0
D2,3.0,208.4,20.0,80.0,10.0
D2,3.0,208.6,20.0,80.0,10.0
D2,3.0,208.8,20.0,80.0,10.0
D2,3.0,209.0,20.0,80.0,10.0
D2,3.0,209.2,20.0,80.0,10.0
D2,3.0,209.4,20.0,80.0,10.0
D2,3.0,209.6,20.0,80.0,10.0
D2,3.0,209.8,20.0,80.0,10.0
D2,3.0,210.0,20.0,80.0,10.0
D2,3.0,210.2,20.0,80.0,10.0
D2,3.0,210.4,20.0,80.0,10.0
D2,3.0,210.6,20.0,80.0,10.0
D2,3.0,210.8,20.0,80.0,10.0
D2,3.0,211.0,20.0,80.0,10.0
D2,3.0,211.2,20.0,80.0,10.0
D2,3.0,211.4,20.0,80.0,10.0
D2,3.0,211.6,20.0,80.0,10.0
D2,3.0,211.8,20.0,80.0,10.0
D2,3.0,212.0,20.0,80.0,10.0
D2,3.0,212.2,20.0,80.0,10.0
D2,3.0,212.4,20.0,80.0,10.0
D2,3.0,212.6,20.0,80.0,10.0
D2,3.0,212.8,20.0,80.0,10.0
D2,3.0,213.0,20.0,80.0,10.0
D2,3.0,213.2,20.0,80.0,10.0
D2,3.0,213.4,20.0,80.0,10.0
D2,3.0,213.6,20.0,80.0,10.0
D2,3.0,213.8,20.0,80.0,10.0
D2,3.0,214.0,20.0,80.0,10.0
D2,3.0,214.2,20.0,80.0,10.0
D2,3.0,214.4,20.0,80.0,10.0
D2,3.0,214.6,20.0,80.0,10.0
D2,3.0,214.8,20.0,80.0,10.0
D2,3.0,215.0,20.0,80.0,10.0
D2,3.0,215.2,20.0,80.0,10.0
D2,3.0,215.4,20.0,80.0,10.0
D2,3.0,215.6,20.0,80.0,10.0
D2,3.0,215.8,20.0,80.0,10.0
D2,3.0,216.0,20.0,80.0,10.0
D2,3.0,216.2,20.0,80.0,10.0
D2,3.0,216.4,20.0,80.0,10.0
D2,3.0,216.6,20.0,80.0,10.0
D2,3.0,216.8,20.0,80.0,10.0
D2,3.0,217.0,20.0,80.0,10.0
D2,3.0,217.2,20.0,80.0,10.0
D2,3.0,217.4,20.0,80.0,10.0
D2,3.0,217.6,20.0,80.0,10.0
D2,3.0,217.8,20.0,80.0,10.0
D2,3.0,218.0,20.0,80.0,10.0
D2,3.0,218.2,20.0,80.0,10.0
D2,3.0,218.4,20.0,80.0,10.0
D2,3.0,218.6,20.0,80.0,10.0
D2,3.0,218.8,20.0,80.0,10.0
D2,3.0,219.0,20.0,80.0,10.0
D2,3.0,219.2,20.0,80.0,10.0
D2,3.0,219.4,20.0,80.0,10.0
D2,3.0,219.6,20.0,80.0,10.0
D2,3.0,219.8,20.0,80.0,10.0
D2,3.0,220.0,20.0,80.0,10.0
D2,3.0,220.2,20.0,80.0,10.0
D2,3.0,220.4,20.0,80.0,10.0
D2,3.0,220.6,20.0,80.0,10.0
D2,3.0,220.8,20.0,80.0,10.0
D2,3.0,221.0,20.0,80.0,10.0
D2,3.0,221.2,20.0,80.0,10.0
D2,3.0,221.4,20.0,80.0,10.0
D2,3.0,221.6,20.0,80.0,10.0
D2,3.0,221.8,20.0,80.0,10.0
D2,3.0,222.0,20.0,80.0,10.0
D2,3.0,222.2,20.0,80.0,10.0
D2,3.0,222.4,20.0,80.0,10.0
D2,3.0,222.6,20.0,80.0,10.0
D2,3.0,222.8,20.0,80.0,10.0
D2,3.0,223.0,20.0,80.0,10.0
D2,3.0,223.2,20.0,80.0,10.0
D2,3.0,223.4,20.0,80.0,10.0
D2,3.0,223.6,20.0,80.0,10.0
D2,3.0,223.8,20.0,80.0,10.0
D2,3.0,224.0,20.0,80.0,10.0
D2,3.0,224.2,20.0,80.0,10.0
D2,3.0,224.4,20.0,80.0,10.0
D2,3.0,224.6,20.0,80.0,10.0
D2,3.0,224.8,20.0,80.0,10.0
D2,3.0,225.0,20.0,80.0,10.0
D2,3.0,225.2,20.0,80.0,10.0
D2,3.0,225.4,20.0,80.0,10.0
D2,3.0,225.6,20.0,80.0,10.0
D2,3.0,225.8,20.0,80.0,10.0
D2,3.0,226.0,20.0,80.0,10.0
D2,3.0,226.2,20.0,80.0,10.0
D2,3.0,226.4,20.0,80.0,10.0
D2,3.0,226.6,20.0,80.0,10.0
D2,3.0,226.8,20.0,80.0,10.0
D2,3.0,227.0,20.0,80.0,10.0
D2,3.0,227.2,20.0,80.0,10.0
D2,3.0,227.4,20.0,80.0,10.0
D2,3.0,227.6,20.0,80.0,10.0
D2,3.0,227.8,20.0,80.0,10.0
D2,3.0,228.0,20.0,80.0,10.0
D2,3.0,228.2,20.0,80.0,10.0
D2,3.0,228.4,20.0,80.0,10.0
D2,3.0,228.6,20.0,80.0,10.0
D2,3.0,228.8,20.0,80.0,10.0
D2,3.0,229.0,20.0,80.0,10.0
D2,3.0,229.2,20.0,80.0,10.0
D2,3.0,229.4,20.0,80.0,10.0
D2,3.0,229.6,20.0,80.0,10.0
D2,3.0,229.8,20.0,80.0,10.0
D2,3.0,230.0,20.0,80.0,10.0
D2,3.0,230.2,20.0,80.0,10.0
D2,3.0,230.4,20.0,80.0,10.0
D2,3.0,230.6,20.0,80.0,10.0
D2,3.0,230.8,20.0,80.0,10.0
D2,3.0,231.0,20.0,80.0,10.0
D2,3.0,231.2,20.0,80.0,10.0
D2,3.0,231.4,20.0,80.0,10.0
D2,3.0,231.6,20.0,80.0,10.0
D2,3.0,231.8,20.0,80.0,10.0
D2,3.0,232.0,20.0,80.0,10.0
D2,3.0,232.2,20.0,80.0,10.0
D2,3.0,232.4,20.0,80.0,10.0
D2,3.0,232.6,20.0,80.0,10.0
D2,3.0,232.8,20.0,80.0,10.0
D2,3.0,233.0,20.0,80.0,10.0
D2,3.0,233.2,20.0,80.0,10.0
D2,3.0,233.4,20.0,80.0,10.0
D2,3.0,233.6,20.0,80.0,10.0
D2,3.0,233.8,20.0,80.0,10.0
D2,3.0,234.0,20.0,80.0,10.0
D2,3.0,234.2,20.0,80.0,10.0
D2,3.0,234.4,20.0,80.0,10.0
D2,3.0,234.6,20.0,80.0,10.0
D2,3.0,234.8,20.0,80.0,10.0
D2,3.0,235.0,20.0,80.0,10.0
D2,3.0,235.2,20.0,80.0,10.0
D2,3.0,235.4,20.0,80.0,10.0
D2,3.0,235.6,20.0,80.0,10.0
D2,3.0,235.8,20.0,80.0,10.0
D2,3.0,236.0,20.0,80.0,10.0
D2,3.0,236.2,20.0,80.0,10.0
D2,3.0,236.4,20.0,80.0,10.0
D2,3.0,236.6,20.0,80.0,10.0
D2,3.0,236.8,20.0,80.0,10.0
D2,3.0,237.0,20.0,80.0,10.0
D2,3.0,237.2,20.0,80.0,10.0
D2,3.0,237.4,20.0,80.0,10.0
D2,3.0,237.6,20.0,80.0,10.0
D2,3.0,237.8,20.0,80.0,10.0
D2,3.0,238.0,20.0,80.0,10.0
D2,3.0,238.2,20.0,80.0,10.0
D2,3.0,238.4,20.0,80.0,10.0
D2,3.0,238.6,20.0,80.0,10.0
D2,3.0,238.8,20.0,80.0,10.0
D2,3.0,239.0,20.0,80.0,10.0
D2,3.0,239.2,20.0,80.0,10.0
D2,3.0,239.4,20.0,80.0,10.0
D2,3.0,239.6,20.0,80.0,10.0
D2,3.0,239.8,20.0,80.0,10.0
D2,3.0,240.0,20.0,80.0,10.0
D2,3.0,240.2,20.0,80.0,10.0
D2,3.0,240.4,20.0,80.0,10.0
D2,3.0,240.6,20.0,80.0,10.0
D2,3.0,240.8,20.0,80.0,10.0
D2,3.0,241.0,20.0,80.0,10.0
D2,3.0,241.2,20.0,80.0,10.0
D2,3.0,241.4,20.0,80.0,10.0
D2,3.0,241.6,20.0,80.0,10.0
D2,3.0,241.8,20.0,80.0,10.0
D2,3.0,242.0,20.0,80.0,10.0
D2,3.0,242.2,20.0,80.0,10.0
D2,3.0,242.4,20.0,80.0,10.0
D2,3.0,242.6,20.0,80.0,10.0
D2,3.0,242.8,20.0,80.0,10.0
D2,3.0,243.0,20.0,80.0,10.0
D2,3.0,243.2,20.0,80.0,10.0
D2,3.0,243.4,20.0,80.0,10.0
D2,3.0,243.6,20.0,80.0,10.0
D2,3.0,243.8,20.0,80.0,10.0
D2,3.0,244.0,20.0,80.0,10.0
D2,3.0,244.2,20.0,80.0,10.0
D2,3.0,244.4,20.0,80.0,10.0
D2,3.0,244.6,20.0,80.0,10.0
D2,3.0,244.8,20.0,80.0,10.0
D2,3.0,245.0,20.0,80.0,10.0
D2,3.0,245.2,20.0,80.0,10.0
D2,3.0,245.4,20.0,80.0,10.0
D2,3.0,245.6,20.0,80.0,10.0
D2,3.0,245.8,20.0,80.0,10.0
D2,3.0,246.0,20.0,80.0,10.0
D2,3.0,246.2,20.0,80.0,10.0
D2,3.0,246.4,20.0,80.0,10.0
D2,3.0,246.6,20.0,80.0,10.0
D2,3.0,246.8,20.0,80.0,10.0
D2,3.0,247.0,20.0,80.0,10.0
D2,3.0,247.2,20.0,80.0,10.0
D2,3.0,247.4,20.0,80.0,10.0
D2,3.0,247.6,20.0,80.0,10.0
D2,3.0,247.8,20.0,80.0,10.0
D2,3.0,248.0,20.0,80.0,10.0
D2,3.0,248.2,20.0,80.0,10.0
D2,3.0,248.4,20.0,80.0,10.0
D2,3.0,248.6,20.0,80.0,10.0
D2,3.0,248.8,20.0,80.0,10.0
D2,3.0,249.0,20.0,80.0,10.0
D2,3.0,249.2,20.0,80.0,10.0
D2,3.0,249.4,20.0,80.0,10.0
D2,3.0,249.6,20.0,80.0,10.0
D2,3.0,249.8,20.0,80.0,10.0
D2,3.0,250.0,20.0,80.0,10.0
D2,3.0,250.2,20.0,80.0,10.0
